video_id,label
0,match
1,fail
2,book
3,sign language
4,easter
5,boring
6,phone
7,phone
8,phone
9,library
10,cochlear implant
11,rainbow
12,rainbow
13,rainbow
14,letter
15,from
16,his
17,hong kong
18,every morning
19,france
20,give
21,shock
22,puerto rico
23,breakfast
24,day
25,day
26,day
27,day
28,afternoon
29,afternoon
30,afternoon
31,happy
32,sad
33,sad
34,nervous
35,nervous
36,upset
37,want
38,know
39,know
40,must
41,how
42,wow
43,wow
44,pass
45,pass
46,think
47,teacher
48,teacher
49,deaf
50,university
51,fix
52,clock
53,there
54,next week
55,sick
56,meat
57,important
58,mother
59,father
60,milk
61,eat
62,drink
63,hot
64,cold
65,more
66,help
67,clothes
68,you
69,your
70,down
71,hurt
72,again
73,want
74,like
75,not like
76,mad
77,funny
78,silly
79,sad
80,hungry
81,full
82,tired
83,where
84,book
85,dirty
86,play
87,outside
88,home
89,sister
90,brother
91,grandmother
92,grandfather
93,aunt
94,uncle
95,cousin
96,warm
97,warm
98,stand
99,wait
100,business
101,fire
102,home
103,any
104,win
105,socks
106,socks
107,gone
108,bake
109,wine
110,norway
111,hearing
112,ball
113,25
114,in
115,fish
116,stand
117,fly
118,fly
119,bed
120,marry
121,enjoy
122,meet
123,brown
124,spider
125,cafeteria
126,jacket
127,tiger
128,tiger
129,south
130,dining room
131,dining room
132,happy
133,not like
134,banana
135,hit
136,work
137,actor
138,actor
139,live
140,live
141,america
142,america
143,beach
144,beach
145,birthday
146,birthday
147,black
148,black
149,blue
150,blue
151,brown
152,brown
153,celebrate
154,celebrate
155,christmas
156,christmas
157,city
158,city
159,color
160,cool
161,cool
162,dark
163,dark
164,easter
165,easter
166,email
167,email
168,email
169,email
170,autumn
171,far
172,far
173,from
174,gray
175,gray
176,green
177,green
178,spring up
179,halloween
180,halloween
181,halloween
182,halloween
183,hanukkah
184,hanukkah
185,here
186,here
187,here
188,here
189,his
190,his
191,hot
192,hot
193,how_many
194,inside
195,internet
196,internet
197,light
198,light
199,listen
200,listen
201,march
202,march
203,month
204,month
205,music
206,music
207,musician
208,musician
209,my
210,my
211,new
212,new
213,number
214,number
215,ocean
216,ocean
217,old
218,orange
219,orange
220,our
221,outside
222,outside
223,pink
224,purple
225,purple
226,rain
227,rain
228,red
229,red
230,street
231,ski
232,ski
233,snow
234,snow
235,spring
236,street
237,street
238,summer
239,phone
240,television
241,thanksgiving
242,thanksgiving
243,thanksgiving
244,thanksgiving
245,their
246,their
247,vacation
248,vacation
249,visit
250,warm
251,warm
252,watch
253,watch
254,weather
255,weather
256,white
257,white
258,winter
259,winter
260,year
261,year
262,yellow
263,yellow
264,your
265,your
266,your
267,your
268,love it
269,love it
270,money
271,money
272,shirt
273,curly hair
274,brown
275,motorcycle
276,white
277,i love you
278,meat
279,same
280,football
281,cat
282,turkey
283,english
284,color
285,future
286,depressed
287,sore throat
288,sore throat
289,animal
290,chicken
291,frog
292,giraffe
293,hippo
294,lion
295,mouse
296,pig
297,sheep
298,snake
299,tiger
300,turtle
301,hearing help
302,mother
303,mother
304,bored
305,bored
306,can
307,can't
308,can't
309,excited
310,know
311,like
312,mad
313,mad
314,sad
315,sad
316,afraid
317,sick
318,child
319,duck
320,bear
321,cat
322,elephant
323,frog
324,pig
325,snake
326,turtle
327,mouse
328,dolphin
329,giraffe
330,tiger
331,tiger
332,shark
333,lobster
334,squirrel
335,worm
336,bird
337,butterfly
338,dog
339,fish
340,horse
341,monkey
342,whale
343,fox
344,deer
345,lion
346,spider
347,read
348,motorcycle
349,painting
350,fishing
351,baseball
352,soccer
353,camping
354,dance
355,football
356,football
357,football
358,swimming
359,janitor
360,every year
361,have
362,meet
363,meet
364,lost
365,born
366,live
367,spring up
368,adult
369,people
370,divorce
371,divorce
372,divorce
373,adopt
374,from
375,old
376,refrigerator
377,refrigerator
378,change
379,change
380,mountain
381,banana
382,greece
383,dorm
384,dorm
385,mother
386,tiger
387,friday
388,white
389,hat
390,lawyer
391,lawyer
392,bathtub
393,fight
394,office
395,old
396,old
397,sweep
398,paper
399,africa
400,understand
401,your
402,ready
403,purple
404,not
405,lead
406,rock
407,buy
408,therapy
409,saturday
410,hit
411,juice
412,juice
413,people
414,juice
415,juice
416,for
417,finish
418,eat
419,dictionary
420,tape
421,scissors
422,spring
423,picture
424,stamp
425,glue
426,glue
427,newspaper
428,newspaper
429,newspaper
430,magazine
431,sweep
432,envelope
433,envelope
434,envelope
435,screwdriver
436,candle
437,match
438,umbrella
439,clock
440,camera
441,camera
442,calendar
443,cup
444,tape
445,all
446,most
447,several
448,several
449,few
450,some
451,nothing
452,gone
453,gone
454,look at
455,disgusted
456,lost
457,search
458,find
459,garage
460,fence
461,stairs
462,basement
463,bedroom
464,kitchen
465,kitchen
466,closet
467,medicine
468,new
469,new
470,refrigerator
471,measure
472,flower
473,window
474,boots
475,basketball
476,snob
477,cry
478,cry
479,science
480,science
481,sheep
482,sheep
483,born
484,bed
485,student
486,student
487,student
488,student
489,same
490,television
491,sign
492,play
493,law
494,government
495,earthquake
496,leave
497,pink
498,color
499,future
500,future
501,future
502,future
503,soon
504,later
505,later
506,later
507,tomorrow
508,next week
509,next week
510,next week
511,next week
512,next week
513,next week
514,next year
515,next year
516,next year
517,next year
518,next year
519,future
520,again
521,bathroom
522,sports
523,basketball
524,ﬁshing
525,fishing
526,ﬁshing
527,skiing
528,dance
529,soccer
530,smart
531,grandfather
532,ketchup
533,surprise
534,surprise
535,blue
536,excited
537,hockey
538,light
539,light
540,blue
541,rabbit
542,drink
543,no
544,time
545,late
546,work
547,work
548,work
549,country
550,careful
551,meet
552,negative
553,complain
554,lie
555,tend
556,pshaw
557,pshaw
558,pshaw
559,dollar
560,dollar
561,dollar
562,cent
563,cost
564,popcorn
565,popcorn
566,candy
567,ring
568,ring
569,pencil
570,pencil
571,pencil
572,pencil
573,gum
574,gum
575,friendly
576,snob
577,snob
578,rude
579,sweet
580,mean
581,mean
582,mean
583,mad
584,mad
585,warm
586,cold
587,stubborn
588,stubborn
589,smart
590,smart
591,brave
592,soup
593,soup
594,milk
595,milk
596,cheese
597,bread
598,butter
599,butter
600,egg
601,sugar
602,lettuce
603,onion
604,onion
605,banana
606,banana
607,apple
608,apple
609,orange
610,orange
611,jam
612,bacon
613,hoddog
614,cereal
615,cereal
616,cereal
617,tea
618,tea
619,freeze cream
620,cookie
621,cracker
622,cracker
623,cracker
624,soap
625,soap
626,screwdriver
627,screwdriver
628,camera
629,camera
630,candle
631,candle
632,magazine
633,magazine
634,knife
635,knife
636,knife
637,scissors
638,scissors
639,dictionary
640,cool
641,warm
642,warm
643,love
644,earn
645,earn
646,weather
647,weather
648,weather
649,weather
650,discuss
651,if
652,if
653,hurt
654,hurt
655,happen
656,sorry
657,world
658,world
659,world
660,world
661,near
662,good morning
663,good morning
664,good morning
665,good afternoon
666,good afternoon
667,law
668,graduate
669,blue
670,love
671,autumn in love
672,monkey
673,monkey
674,hearing help
675,shop
676,today
677,tomorrow
678,yesterday
679,monday
680,tuesday
681,wednesday
682,thursday
683,saturday
684,saturday
685,saturday
686,saturday
687,sunday
688,sunday
689,sunday
690,sunday
691,cook
692,work
693,school
694,library
695,library
696,study
697,gym
698,gym
699,exercise
700,church
701,meeting
702,hospital
703,restaurant
704,shop
705,when
706,newspaper
707,refuse
708,school
709,dentist
710,dentist
711,wow
712,wow
713,wow
714,never
715,night
716,night
717,all day
718,all day
719,morning
720,noon
721,afternoon
722,weekend
723,beach
724,beach
725,beach
726,museum
727,celebrate
728,skiing
729,swimming
730,visit
731,eat
732,eat
733,eat
734,eat
735,fun
736,fun
737,nice
738,enjoy
739,enjoy
740,one
741,two
742,finish
743,always
744,always
745,around
746,around
747,boots
748,boots
749,boots
750,brush teeth
751,brush teeth
752,nice
753,nice
754,clothes
755,clothes
756,clothes
757,clothes
758,dress
759,dress
760,drink
761,drink
762,early
763,early
764,every afternoon
765,every afternoon
766,every night
767,every night
768,every week
769,every week
770,every year
771,every year
772,every morning
773,every morning
774,fly
775,fly
776,get up
777,get up
778,glasses
779,glasses
780,hat
781,hat
782,jacket
783,jacket
784,key
785,key
786,match
787,match
788,never
789,never
790,oversleep
791,oversleep
792,pants
793,pants
794,rest
795,rest
796,schedule
797,schedule
798,scissors
799,scissors
800,shirt
801,shirt
802,shoes
803,shoes
804,shower
805,shower
806,skirt
807,skirt
808,soap
809,soap
810,socks
811,socks
812,sometimes
813,sometimes
814,sweater
815,sweater
816,sweep
817,sweep
818,tie
819,tie
820,underwear
821,underwear
822,use
823,use
824,watch
825,watch
826,example
827,example
828,calendar
829,eyes
830,intersection
831,eat
832,research
833,silver
834,mad
835,time
836,boy
837,thursday
838,father
839,divorce
840,divorce
841,divorce
842,divorce
843,garage
844,nice
845,drawer
846,summer
847,26
848,26
849,interesting
850,interesting
851,husband
852,book
853,freeze
854,thank you
855,late
856,cheese
857,teacher
858,exam
859,paper
860,paper
861,pencil
862,pencil
863,backpack
864,backpack
865,book
866,book
867,glue
868,glue
869,iran
870,happen
871,less than
872,orange
873,milk
874,confused
875,confused
876,sheep
877,bird
878,happy
879,earthquake
880,flag
881,eat
882,brush teeth
883,forget
884,music
885,music
886,clothes
887,good morning
888,good morning
889,good morning
890,cuba
891,shelves
892,all
893,teacher
894,hanukkah
895,every morning
896,every night
897,sunday
898,monday
899,tuesday
900,wednesday
901,thursday
902,friday
903,saturday
904,breakfast
905,lunch
906,dinner
907,eat
908,full
909,cook
910,bake
911,coffee
912,tea
913,sometimes
914,often
915,always
916,never
917,during
918,everyday
919,basement
920,garage
921,kitchen
922,floor
923,furniture
924,up
925,down
926,do
927,what
928,busy
929,truck
930,doctor
931,nice
932,retire
933,enjoy
934,get up
935,most
936,out
937,flower
938,get
939,church
940,rest
941,walk
942,big
943,drink
944,midnight
945,not want
946,visit
947,holland
948,autumn in love
949,winter
950,best friend
951,expensive
952,expensive
953,country
954,old
955,fat
956,pay
957,nice
958,nice
959,nice
960,laundry
961,sweep
962,vacuum
963,day
964,day
965,night
966,night
967,morning
968,morning
969,morning
970,afternoon
971,afternoon
972,noon
973,surprise
974,happy
975,happy
976,happy
977,sad
978,angry
979,mad
980,angry
981,excited
982,excited
983,upset
984,upset
985,upset
986,upset
987,sleepy
988,sleepy
989,sleepy
990,sleepy
991,sick
992,sick
993,sick
994,will
995,future
996,can
997,should
998,how
999,how
1000,how
1001,wrong
1002,coffee
1003,like
1004,like
1005,pass
1006,exam
1007,future
1008,favorite
1009,hat
1010,my
1011,cough
1012,fish
1013,important
1014,noon
1015,hair
1016,wife
1017,turkey
1018,newspaper
1019,newspaper
1020,newspaper
1021,library
1022,bookstore
1023,bookstore
1024,bookstore
1025,cafeteria
1026,cafeteria
1027,cafeteria
1028,television
1029,table
1030,table
1031,table
1032,help
1033,help
1034,tell
1035,tell
1036,tell
1037,pay
1038,pay
1039,pay
1040,pay
1041,give
1042,give
1043,give
1044,send
1045,send
1046,send
1047,send
1048,come on
1049,come on
1050,can
1051,need
1052,need
1053,should
1054,should
1055,room
1056,room
1057,room
1058,now
1059,now
1060,duck
1061,man
1062,emergency
1063,oh i see
1064,russia
1065,onion
1066,swing
1067,chocolate
1068,chocolate
1069,church
1070,color
1071,egg
1072,family
1073,flower
1074,game
1075,grass
1076,hid
1077,vacation
1078,spring
1079,sunday
1080,yellow
1081,meet
1082,meet
1083,can
1084,ball
1085,car
1086,bicycle
1087,airplane
1088,boat
1089,train
1090,brown
1091,brown
1092,lake
1093,niece
1094,teacher
1095,business
1096,full
1097,red
1098,hurry
1099,home
1100,animal
1101,not yet
1102,arrive
1103,language
1104,apply
1105,finish
1106,disappear
1107,curious
1108,live
1109,not know
1110,lost
1111,ticket
1112,boss
1113,future
1114,autumn
1115,summer
1116,south america
1117,tell
1118,first
1119,understand
1120,street
1121,accident
1122,hurt
1123,stuck
1124,alarm
1125,steal
1126,pants
1127,better
1128,excuse me
1129,sometimes
1130,loan
1131,loan
1132,credit card
1133,travel
1134,break
1135,and
1136,manager
1137,spoon
1138,knife
1139,ketchup
1140,socks
1141,salad
1142,hamburger
1143,france fries
1144,chat
1145,twins
1146,bathroom
1147,polite
1148,slide
1149,slide
1150,slide
1151,slide
1152,slide
1153,swing
1154,swing
1155,swing
1156,swing
1157,swing
1158,swing
1159,swing
1160,pull
1161,pull
1162,pull
1163,pull
1164,pull
1165,pull
1166,throw
1167,throw
1168,throw
1169,throw
1170,throw
1171,vacation
1172,yellow
1173,help
1174,me
1175,last year
1176,last year
1177,train
1178,good morning
1179,adopt
1180,window
1181,week
1182,week
1183,week
1184,pillow
1185,spain
1186,start
1187,enjoy
1188,yes
1189,swim
1190,swim
1191,enjoy
1192,mouse
1193,when
1194,when
1195,when
1196,tree
1197,rain
1198,sun
1199,flower
1200,internet
1201,last
1202,pencil
1203,different
1204,rich
1205,rich
1206,spring up
1207,grandmother
1208,new
1209,cousin
1210,skirt
1211,cousin
1212,football
1213,game
1214,slide
1215,swing
1216,truck
1217,bath
1218,more than
1219,hearing
1220,israel
1221,sorry
1222,feel
1223,full
1224,cookie
1225,glasses
1226,sore throat
1227,cough
1228,cough
1229,cough
1230,sneeze
1231,sneeze
1232,sneeze
1233,sneeze
1234,bathtub
1235,airplane
1236,again
1237,government
1238,cat
1239,fish
1240,car
1241,drive
1242,bicycle
1243,bicycle
1244,truck
1245,truck
1246,boat
1247,airplane
1248,airplane
1249,subway
1250,subway
1251,subway
1252,train
1253,bus
1254,bus
1255,bus
1256,travel
1257,travel
1258,crash
1259,flat tire
1260,green
1261,jump
1262,frog
1263,daughter
1264,cousin
1265,cousin
1266,cousin
1267,breakfast
1268,lunch
1269,dinner
1270,dessert
1271,thirsty
1272,hungry
1273,drink
1274,more
1275,water
1276,milk
1277,juice
1278,soda
1279,coffee
1280,bacon
1281,toast
1282,butter
1283,bread
1284,pancake
1285,sandwich
1286,cheese
1287,soup
1288,salad
1289,vegetable
1290,cracker
1291,spaghetti
1292,shrimp
1293,potato
1294,freeze cream
1295,pie
1296,apple
1297,uncle
1298,parents
1299,vomit
1300,weekend
1301,weekend
1302,weekend
1303,weekend
1304,when
1305,when
1306,show
1307,sign
1308,flower
1309,flower
1310,tomorrow
1311,lunch
1312,asl
1313,morning
1314,bird
1315,bird
1316,fish
1317,fish
1318,fish
1319,fish
1320,fish
1321,fish
1322,fish
1323,fish
1324,cat
1325,cat
1326,cat
1327,cat
1328,dog
1329,dog
1330,dog
1331,horse
1332,horse
1333,horse
1334,horse
1335,frog
1336,frog
1337,frog
1338,frog
1339,frog
1340,cow
1341,cow
1342,cow
1343,cow
1344,same
1345,argue
1346,white
1347,white
1348,white
1349,white
1350,canada
1351,mexico
1352,cuba
1353,africa
1354,egypt
1355,south africa
1356,asia
1357,russia
1358,japan
1359,vietnam
1360,philippines
1361,taiwan
1362,india
1363,iran
1364,iraq
1365,israel
1366,turkey
1367,win
1368,win
1369,win
1370,win
1371,boat
1372,room
1373,dark
1374,copy
1375,copy
1376,paint
1377,guilty
1378,secretary
1379,game
1380,one
1381,two
1382,three
1383,four
1384,five
1385,six
1386,seven
1387,eight
1388,nine
1389,ten
1390,two
1391,three
1392,four
1393,five
1394,seven
1395,eight
1396,nine
1397,ten
1398,live
1399,hot
1400,cold
1401,big
1402,happy
1403,sad
1404,nice
1405,dirty
1406,blue
1407,green
1408,yellow
1409,orange
1410,purple
1411,black
1412,white
1413,pink
1414,brown
1415,one
1416,two
1417,three
1418,silly
1419,fast
1420,nose
1421,ask
1422,ask
1423,chat
1424,chat
1425,church
1426,clear
1427,clear
1428,day
1429,deaf
1430,table
1431,table
1432,eat
1433,enjoy
1434,everyday
1435,excuse me
1436,friday
1437,give
1438,home
1439,hungry
1440,important
1441,important
1442,important
1443,mean
1444,monday
1445,monday
1446,need
1447,nothing
1448,not
1449,party
1450,pencil
1451,stand
1452,read
1453,ready
1454,sit
1455,student
1456,student
1457,study
1458,sunday
1459,sunday
1460,sunday
1461,teacher
1462,exam
1463,thursday
1464,thursday
1465,tuesday
1466,walk
1467,water
1468,wednesday
1469,week
1470,weekend
1471,what
1472,where
1473,which
1474,who
1475,why
1476,why
1477,with
1478,work
1479,write
1480,wrong
1481,yesterday
1482,welcome
1483,beer
1484,english
1485,fix
1486,boy
1487,now
1488,me
1489,truck
1490,doctor
1491,doctor
1492,nice
1493,nice
1494,retire
1495,retire
1496,vacation
1497,vacation
1498,enjoy
1499,enjoy
1500,enjoy
1501,get up
1502,get up
1503,most
1504,most
1505,most
1506,out
1507,in
1508,in
1509,in
1510,flower
1511,flower
1512,church
1513,church
1514,tired
1515,walk
1516,big
1517,big
1518,sister
1519,sister
1520,minus
1521,glasses
1522,glasses
1523,dance
1524,shark
1525,beautiful
1526,beautiful
1527,beautiful
1528,blanket
1529,area
1530,cafeteria
1531,gym
1532,hallway
1533,library
1534,office
1535,theater
1536,class
1537,locker
1538,search
1539,room
1540,store
1541,boss
1542,counselor
1543,counselor
1544,interpreter
1545,interpreter
1546,librarian
1547,nurse
1548,principal
1549,secretary
1550,write
1551,here
1552,front
1553,back
1554,flag
1555,eat
1556,earthquake
1557,english
1558,switzerland
1559,switzerland
1560,switzerland
1561,switzerland
1562,apple
1563,banana
1564,banana
1565,carrot
1566,cherry
1567,corn
1568,fruit
1569,grapes
1570,melon
1571,peach
1572,pear
1573,pineapple
1574,potato
1575,salad
1576,tomato
1577,vegetable
1578,every week
1579,again
1580,yesterday
1581,read
1582,deaf
1583,brown
1584,niece
1585,piano
1586,music
1587,music
1588,me
1589,me
1590,mother
1591,pink
1592,cry
1593,cry
1594,more than
1595,dance
1596,single
1597,flirt
1598,date
1599,date
1600,date
1601,together
1602,boyfriend
1603,girlfriend
1604,sweetheart
1605,autumn in love
1606,love
1607,engaged
1608,wedding
1609,marry
1610,cuba
1611,how_many
1612,white
1613,28
1614,africa
1615,graduate
1616,roommate
1617,purple
1618,please
1619,therapy
1620,color
1621,color
1622,floor
1623,government
1624,i
1625,screwdriver
1626,bedroom
1627,delicious
1628,korea
1629,meat
1630,vegetable
1631,vegetable
1632,nothing
1633,nothing
1634,how_many
1635,wait
1636,pass
1637,fail
1638,law
1639,lawyer
1640,schedule
1641,adult
1642,adult
1643,adult
1644,also
1645,also
1646,meeting
1647,often
1648,disappointed
1649,bitter
1650,mad
1651,frustrated
1652,frustrated
1653,frustrated
1654,frustrated
1655,challenge
1656,chocolate
1657,apply
1658,lost
1659,save
1660,hurt
1661,pass
1662,example
1663,study
1664,cracker
1665,magazine
1666,finish
1667,paper
1668,also
1669,police
1670,africa
1671,asia
1672,china
1673,hong kong
1674,india
1675,japan
1676,russia
1677,taiwan
1678,australia
1679,iran
1680,iraq
1681,israel
1682,turkey
1683,south america
1684,europe
1685,austria
1686,denmark
1687,finland
1688,france
1689,germany
1690,greece
1691,ireland
1692,italy
1693,italy
1694,norway
1695,poland
1696,portugal
1697,spain
1698,sweden
1699,canada
1700,cuba
1701,mexico
1702,fat
1703,mirror
1704,number
1705,train
1706,doctor
1707,whale
1708,area
1709,back
1710,back
1711,back
1712,bathroom
1713,building
1714,cafeteria
1715,flag
1716,front
1717,front
1718,gym
1719,hallway
1720,locker
1721,office
1722,nurse
1723,pool
1724,room
1725,store
1726,bookstore
1727,student center
1728,student center
1729,theater
1730,water
1731,gray
1732,fruit
1733,apple
1734,banana
1735,cherry
1736,grapes
1737,lemon
1738,melon
1739,peach
1740,pear
1741,pineapple
1742,pineapple
1743,strawberry
1744,pumpkin
1745,hurt
1746,gold
1747,sit
1748,asl
1749,asl
1750,and
1751,pumpkin
1752,india
1753,become
1754,school
1755,school
1756,home
1757,home
1758,pet
1759,new
1760,family
1761,mother
1762,father
1763,parents
1764,wife
1765,husband
1766,girl
1767,boy
1768,sister
1769,brother
1770,grandfather
1771,aunt
1772,uncle
1773,niece
1774,nephew
1775,cousin
1776,daughter
1777,son
1778,teach
1779,learn
1780,asl
1781,teacher
1782,student
1783,book
1784,bathroom
1785,thirsty
1786,drink
1787,yes
1788,no
1789,asl
1790,class
1791,color
1792,purple
1793,blue
1794,green
1795,yellow
1796,pink
1797,black
1798,brown
1799,grey
1800,white
1801,newspaper
1802,30
1803,gasoline
1804,hair
1805,rock
1806,rock
1807,exam
1808,dizzy
1809,pizza
1810,garage
1811,gold
1812,gold
1813,where
1814,hard of hearing
1815,cold
1816,principal
1817,boyfriend
1818,boyfriend
1819,boyfriend
1820,boyfriend
1821,girl
1822,mother
1823,children
1824,not want
1825,pregnant
1826,have
1827,need
1828,interesting
1829,interesting
1830,interesting
1831,interesting
1832,nothing
1833,niece
1834,girlfriend
1835,husband
1836,father
1837,daughter
1838,brother
1839,brother
1840,twins
1841,twins
1842,maybe
1843,engaged
1844,want
1845,grandfather
1846,aunt
1847,nephew
1848,gone
1849,boy
1850,wife
1851,wife
1852,family
1853,son
1854,sister
1855,want
1856,wedding
1857,like
1858,grandmother
1859,uncle
1860,cousin
1861,die
1862,adopt
1863,celebrate
1864,hanukkah
1865,total
1866,total
1867,divorce
1868,wedding
1869,vacation
1870,thanksgiving
1871,thanksgiving
1872,thanksgiving
1873,thanksgiving
1874,thanksgiving
1875,cute
1876,when
1877,right
1878,partner
1879,partner
1880,partner
1881,separate
1882,birthday
1883,birthday
1884,birthday
1885,birthday
1886,christmas
1887,beautiful
1888,where
1889,every week
1890,vegetable
1891,lost
1892,hot
1893,long ago
1894,talk
1895,talk
1896,can
1897,potato
1898,hot
1899,21
1900,friendly
1901,artist
1902,artist
1903,retire
1904,retire
1905,famous
1906,near
1907,near
1908,freeway
1909,freeway
1910,freeway
1911,baseball
1912,quiet
1913,quiet
1914,traffic
1915,traffic
1916,nice
1917,nice
1918,boring
1919,since
1920,long ago
1921,most
1922,most
1923,some
1924,some
1925,few
1926,several
1927,beautiful
1928,beautiful
1929,different
1930,firefighter
1931,hotel
1932,hotel
1933,start
1934,finish
1935,get up
1936,get up
1937,get up
1938,time
1939,time
1940,fix
1941,fix
1942,spider
1943,bug
1944,frog
1945,rabbit
1946,internet
1947,more than
1948,japan
1949,japan
1950,korea
1951,korea
1952,korea
1953,mexico
1954,asia
1955,china
1956,italy
1957,france
1958,france
1959,europe
1960,europe
1961,greece
1962,greece
1963,america
1964,america
1965,delicious
1966,#ok
1967,good
1968,good
1969,vegetable
1970,fish
1971,shrimp
1972,sandwich
1973,sandwich
1974,sandwich
1975,sandwich
1976,sandwich
1977,sandwich
1978,hamburger
1979,chicken
1980,salad
1981,dessert
1982,dessert
1983,beer
1984,wood
1985,wood
1986,metal
1987,interesting
1988,intersection
1989,intersection
1990,shower
1991,brush teeth
1992,brush teeth
1993,name
1994,can
1995,people
1996,late
1997,right
1998,right
1999,schedule
2000,take up
2001,take up
2002,exam
2003,exam
2004,money
2005,list
2006,go steady
2007,who
2008,annoy
2009,grandmother
2010,face
2011,phone
2012,fly
2013,fly
2014,airplane
2015,airplane
2016,hearing help
2017,watch
2018,gas
2019,bicycle
2020,sandwich
2021,sandwich
2022,beer
2023,popcorn
2024,popcorn
2025,fish
2026,flat tire
2027,flat tire
2028,flat tire
2029,fail
2030,fail
2031,fail
2032,save
2033,save
2034,measure
2035,measure
2036,busy
2037,busy
2038,stuck
2039,stuck
2040,past
2041,last year
2042,last year
2043,last month
2044,last month
2045,last month
2046,last week
2047,again
2048,night
2049,ugly
2050,north
2051,sandwich
2052,sandwich
2053,wednesday
2054,family
2055,parents
2056,aunt
2057,uncle
2058,daughter
2059,son
2060,children
2061,nephew
2062,marry
2063,separate
2064,divorce
2065,friend
2066,go steady
2067,boyfriend
2068,girlfriend
2069,roommate
2070,now
2071,today
2072,before
2073,tomorrow
2074,will
2075,later
2076,since
2077,long
2078,short
2079,birthday
2080,seem
2081,wish
2082,finish
2083,movie
2084,since
2085,butterfly
2086,butterfly
2087,cheese
2088,live
2089,garage
2090,ready
2091,ok
2092,pet
2093,animal
2094,lion
2095,tiger
2096,bear
2097,turtle
2098,turtle
2099,horse
2100,pig
2101,fish
2102,chicken
2103,elephant
2104,giraffe
2105,cat
2106,dog
2107,cow
2108,cow
2109,cow
2110,cow
2111,dolphin
2112,whale
2113,whale
2114,shark
2115,bye
2116,buy
2117,microwave
2118,dog
2119,cat
2120,horse
2121,cow
2122,elephant
2123,tiger
2124,lion
2125,snake
2126,accept
2127,disgusted
2128,depressed
2129,strange
2130,lousy
2131,gone
2132,die
2133,different
2134,decide
2135,if
2136,rain
2137,snow
2138,weak
2139,arrive
2140,meet
2141,next week
2142,holland
2143,since
2144,disgusted
2145,tie
2146,beard
2147,morning
2148,phone
2149,outside
2150,outside
2151,noon
2152,teacher
2153,teach
2154,student
2155,learn
2156,deaf
2157,spanish
2158,france
2159,english
2160,#asl
2161,here
2162,here
2163,college
2164,start
2165,head
2166,lost
2167,equal
2168,which
2169,high school
2170,college
2171,talk
2172,hard
2173,fine
2174,#ok
2175,so
2176,tired
2177,sew
2178,fishing
2179,run
2180,run
2181,travel
2182,painting
2183,camping
2184,exercise
2185,cooking
2186,shop
2187,dance
2188,bowling
2189,medium
2190,stand
2191,dog
2192,dog
2193,dog
2194,what
2195,what
2196,what
2197,what
2198,drawer
2199,all
2200,horse
2201,horse
2202,horse
2203,different
2204,bat
2205,fish
2206,different
2207,hotel
2208,hotel
2209,hotel
2210,spanish
2211,shy
2212,lemon
2213,city
2214,sink
2215,change
2216,spring
2217,slide
2218,lost
2219,lie
2220,country
2221,government
2222,vice president
2223,afraid
2224,perfect
2225,check
2226,accident
2227,freeze
2228,wall
2229,freeway
2230,win
2231,lost
2232,loan
2233,all
2234,listen
2235,early
2236,bath
2237,cabinets
2238,deer
2239,laundry
2240,like
2241,like
2242,far
2243,wrong
2244,swing
2245,swing
2246,melon
2247,brave
2248,cookie
2249,india
2250,poland
2251,poland
2252,sugar
2253,class
2254,thank you
2255,strawberry
2256,play cardss
2257,funny
2258,dinner
2259,lunch
2260,weather
2261,when
2262,truck
2263,meaning
2264,meaning
2265,acquire
2266,beard
2267,teach
2268,silver
2269,freeze cream
2270,psychology
2271,student
2272,curly hair
2273,police
2274,careful
2275,careful
2276,careful
2277,beard
2278,mad
2279,computer
2280,dirty
2281,spaghetti
2282,different
2283,sheep
2284,sheep
2285,sheep
2286,die
2287,one
2288,two
2289,three
2290,four
2291,five
2292,six
2293,seven
2294,eight
2295,nine
2296,ten
2297,sixteen
2298,seventeen
2299,eighteen
2300,nineteen
2301,long
2302,clothes
2303,after
2304,europe
2305,lion
2306,will
2307,pink
2308,freeze cream
2309,candy
2310,cousin
2311,cousin
2312,cousin
2313,cousin
2314,shrimp
2315,head
2316,wednesday
2317,calculus
2318,see
2319,year
2320,complain
2321,no
2322,do
2323,teacher
2324,bicycle
2325,scotland
2326,scotland
2327,strange
2328,baseball
2329,sign
2330,bed
2331,bed
2332,bed
2333,cochlear implant
2334,high school
2335,group
2336,group
2337,friday
2338,carrot
2339,welcome
2340,radio
2341,what's up
2342,#ok
2343,help
2344,help
2345,world
2346,jump
2347,friday
2348,warm
2349,canada
2350,canada
2351,canada
2352,canada
2353,hello
2354,sweden
2355,towel
2356,towel
2357,towel
2358,iran
2359,famous
2360,famous
2361,afternoon
2362,friend
2363,help
2364,artist
2365,run
2366,die
2367,spring
2368,spring
2369,spring
2370,spring
2371,cent
2372,france
2373,no
2374,why
2375,why
2376,why
2377,wish
2378,wish
2379,wish
2380,slow
2381,afraid
2382,night
2383,dark
2384,here
2385,here
2386,police
2387,police
2388,church
2389,fine
2390,street
2391,clothes
2392,now
2393,now
2394,for
2395,bad
2396,always
2397,what
2398,proud
2399,love
2400,give
2401,poor
2402,can't
2403,dirty
2404,we
2405,our
2406,home
2407,home
2408,stay
2409,stay
2410,we
2411,play
2412,pillow
2413,fight
2414,best friend
2415,when
2416,left
2417,decide
2418,decide
2419,search
2420,since
2421,loan
2422,half hour
2423,afternoon
2424,most
2425,bread
2426,candy
2427,comfortable
2428,thirteen
2429,eyeglasses
2430,discuss
2431,sell
2432,egg
2433,cheese
2434,stay
2435,stay
2436,laundry
2437,take up
2438,closet
2439,have
2440,belt
2441,sit
2442,table
2443,light
2444,light
2445,bathroom
2446,bathtub
2447,soap
2448,house
2449,school
2450,door
2451,paper
2452,book
2453,cup
2454,knife
2455,phone
2456,spoon
2457,lie
2458,silly
2459,visit
2460,librarian
2461,librarian
2462,list
2463,table
2464,spoon
2465,research
2466,want
2467,orange
2468,white
2469,white
2470,brown
2471,apple
2472,vietnam
2473,seventeen
2474,lion
2475,warm
2476,warm
2477,warm
2478,ocean
2479,country
2480,water
2481,glass
2482,metal
2483,paper
2484,rubber
2485,wood
2486,car
2487,graduate
2488,that one
2489,hotel
2490,hi
2491,hi
2492,hi
2493,how are you
2494,how are you
2495,how are you
2496,how are you
2497,put_down
2498,put_down
2499,put_down
2500,put_down
2501,put_down
2502,put_down
2503,put_down
2504,put_down
2505,put_down
2506,put_down
2507,time
2508,time
2509,time
2510,time
2511,time
2512,shoes
2513,shoes
2514,shoes
2515,shoes
2516,shoes
2517,tree
2518,tree
2519,tree
2520,tree
2521,house
2522,house
2523,star
2524,star
2525,star
2526,star
2527,star
2528,star
2529,slow
2530,slow
2531,slow
2532,slow
2533,slow
2534,ten
2535,eleven
2536,twelve
2537,thirteen
2538,fourteen
2539,fifteen
2540,sixteen
2541,seventeen
2542,eighteen
2543,twenty
2544,21
2545,22
2546,23
2547,24
2548,25
2549,26
2550,27
2551,28
2552,29
2553,30
2554,red
2555,bus
2556,oversleep
2557,tall
2558,again
2559,eleven
2560,eleven
2561,twelve
2562,thirteen
2563,thirteen
2564,fourteen
2565,seventeen
2566,seventeen
2567,fifteen
2568,sixteen
2569,sixteen
2570,seventeen
2571,eighteen
2572,nineteen
2573,nineteen
2574,twenty
2575,again
2576,sister
2577,day
2578,destroy
2579,turkey
2580,nothing
2581,today
2582,glasses
2583,read
2584,embarrassed
2585,head
2586,hurt
2587,medicine
2588,dizzy
2589,sore throat
2590,vomit
2591,couch
2592,die
2593,gossip
2594,born
2595,you
2596,you
2597,long hair
2598,worry
2599,pizza
2600,run
2601,whale
2602,nuts
2603,closet
2604,good
2605,africa
2606,they
2607,man
2608,woman
2609,children
2610,homework
2611,backpack
2612,lunch
2613,lunch
2614,library
2615,bookstore
2616,cafeteria
2617,cafeteria
2618,computer
2619,exam
2620,history
2621,english
2622,math
2623,gym
2624,science
2625,birthday
2626,soda
2627,jail
2628,major
2629,traffic
2630,traffic
2631,elephant
2632,together
2633,together
2634,together
2635,wednesday
2636,born
2637,butter
2638,play
2639,door
2640,breakfast
2641,next week
2642,big
2643,big
2644,small
2645,small
2646,medium
2647,medium
2648,home
2649,home
2650,house
2651,dorm
2652,dorm
2653,apartment
2654,apartment
2655,apartment
2656,apartment
2657,apartment
2658,i
2659,leave
2660,education
2661,education
2662,children
2663,pencil
2664,name
2665,roommate
2666,floor
2667,walk
2668,all
2669,boss
2670,chemistry
2671,next year
2672,poland
2673,poland
2674,cloud
2675,cloud
2676,cloud
2677,night
2678,greece
2679,greece
2680,week
2681,day
2682,weekend
2683,monday
2684,tuesday
2685,wednesday
2686,thursday
2687,thursday
2688,saturday
2689,sunday
2690,nice
2691,lunch
2692,get up
2693,shower
2694,shower
2695,since
2696,america
2697,america
2698,america
2699,argentina
2700,argentina
2701,australia
2702,australia
2703,australia
2704,austria
2705,austria
2706,austria
2707,canada
2708,china
2709,china
2710,cuba
2711,denmark
2712,denmark
2713,egypt
2714,egypt
2715,english
2716,english
2717,finland
2718,finland
2719,finland
2720,france
2721,germany
2722,germany
2723,germany
2724,greece
2725,greece
2726,hong kong
2727,india
2728,iran
2729,iran
2730,iran
2731,iraq
2732,iraq
2733,iraq
2734,ireland
2735,ireland
2736,ireland
2737,israel
2738,israel
2739,israel
2740,israel
2741,japan
2742,korea
2743,mexico
2744,norway
2745,philippines
2746,philippines
2747,philippines
2748,poland
2749,poland
2750,poland
2751,portugal
2752,portugal
2753,portugal
2754,puerto rico
2755,russia
2756,russia
2757,russia
2758,russia
2759,scotland
2760,scotland
2761,south africa
2762,south africa
2763,south africa
2764,spain
2765,spain
2766,spain
2767,sweden
2768,taiwan
2769,taiwan
2770,turkey
2771,turkey
2772,turkey
2773,vietnam
2774,vietnam
2775,basement
2776,now
2777,pregnant
2778,your
2779,marry
2780,medicine
2781,window
2782,window
2783,24
2784,lamp
2785,red
2786,red
2787,red
2788,red
2789,daughter
2790,computer
2791,for
2792,butter
2793,cheese
2794,ketchup
2795,salt
2796,salt
2797,salt
2798,salt
2799,sugar
2800,jam
2801,who
2802,and
2803,in
2804,for
2805,that
2806,with
2807,will
2808,have
2809,but
2810,last
2811,new
2812,their
2813,which
2814,we
2815,you
2816,more
2817,about
2818,up
2819,after
2820,also
2821,when
2822,do
2823,all
2824,all
2825,first
2826,first
2827,outside
2828,government
2829,some
2830,people
2831,monday
2832,wednesday
2833,friday
2834,saturday
2835,sunday
2836,they
2837,can
2838,time
2839,only
2840,most
2841,world
2842,maybe
2843,maybe
2844,many
2845,many
2846,week
2847,like
2848,day
2849,morning
2850,noon
2851,afternoon
2852,night
2853,night
2854,midnight
2855,group
2856,city
2857,where
2858,america
2859,make
2860,coffee
2861,still
2862,police
2863,get
2864,country
2865,old
2866,old
2867,month
2868,our
2869,business
2870,busy
2871,white
2872,black
2873,red
2874,yellow
2875,orange
2876,green
2877,blue
2878,bicycle
2879,last year
2880,cook
2881,who
2882,nothing
2883,black
2884,black
2885,bird
2886,bird
2887,bread
2888,less than
2889,next year
2890,woman
2891,bug
2892,china
2893,china
2894,door
2895,kiss
2896,business
2897,spanish
2898,language
2899,dry
2900,area
2901,wednesday
2902,lost
2903,more
2904,tomorrow
2905,room
2906,gossip
2907,right
2908,canada
2909,soap
2910,paint
2911,mexico
2912,snow
2913,more
2914,please
2915,thank you
2916,bye
2917,bye
2918,no
2919,deaf
2920,one
2921,two
2922,three
2923,seven
2924,ten
2925,eleven
2926,twelve
2927,thirteen
2928,fourteen
2929,fifteen
2930,sixteen
2931,seventeen
2932,nineteen
2933,nineteen
2934,twenty
2935,21
2936,22
2937,23
2938,25
2939,26
2940,27
2941,28
2942,29
2943,30
2944,i
2945,i
2946,50
2947,100
2948,red
2949,swim
2950,swim
2951,swim
2952,korea
2953,purple
2954,purple
2955,embarrassed
2956,which
2957,therapy
2958,junior
2959,near
2960,ball
2961,basketball
2962,baseball
2963,football
2964,hockey
2965,soccer
2966,tennis
2967,golf
2968,ball
2969,wrong
2970,happen
2971,find
2972,frustrated
2973,hit
2974,give ticket
2975,history
2976,math
2977,draw
2978,english
2979,science
2980,people
2981,watch
2982,hurt
2983,become
2984,crash
2985,hospital
2986,past
2987,dance
2988,sign
2989,personality
2990,finland
2991,finland
2992,help
2993,help
2994,weak
2995,newspaper
2996,long hair
2997,today
2998,today
2999,today
3000,brown
3001,sweep
3002,one
3003,two
3004,three
3005,five
3006,seven
3007,eight
3008,ten
3009,eleven
3010,twelve
3011,thirteen
3012,fourteen
3013,fifteen
3014,sixteen
3015,seventeen
3016,eighteen
3017,nineteen
3018,twenty
3019,water
3020,different
3021,color
3022,white
3023,black
3024,blue
3025,red
3026,brown
3027,green
3028,purple
3029,pink
3030,clothes
3031,shirt
3032,father
3033,dress
3034,jacket
3035,mustache
3036,people
3037,sit
3038,paper
3039,write
3040,draw
3041,right
3042,wrong
3043,hello
3044,name
3045,noon
3046,glass
3047,win
3048,pig
3049,turkey
3050,vegetable
3051,key
3052,spring
3053,fingerspell
3054,red
3055,hour
3056,house
3057,you
3058,sun
3059,france fries
3060,famous
3061,first
3062,iraq
3063,young
3064,pants
3065,student
3066,less than
3067,glasses
3068,subway
3069,believe
3070,perfect
3071,vacation
3072,jam
3073,carrot
3074,carrot
3075,carrot
3076,carrot
3077,corn
3078,corn
3079,corn
3080,lettuce
3081,mushroom
3082,onion
3083,pepper
3084,potato
3085,salad
3086,tomato
3087,tomato
3088,tomato
3089,measure
3090,dizzy
3091,dizzy
3092,dizzy
3093,ask
3094,culture
3095,tuesday
3096,right
3097,pink
3098,laundry
3099,with
3100,jacket
3101,shirt
3102,stop
3103,stop
3104,soda
3105,sad
3106,important
3107,win
3108,australia
3109,australia
3110,backpack
3111,table
3112,glue
3113,paint
3114,pencil
3115,pencil
3116,pencil
3117,school
3118,scissors
3119,tape
3120,watch
3121,mexico
3122,sweetheart
3123,soap
3124,remember
3125,soccer
3126,boss
3127,ketchup
3128,canada
3129,candle
3130,radio
3131,table
3132,bed
3133,shelves
3134,refrigerator
3135,island
3136,fish
3137,bookstore
3138,shirt
3139,shirt
3140,fire
3141,what
3142,what
3143,high school
3144,horse
3145,horse
3146,south
3147,listen
3148,how
3149,rubber
3150,happy
3151,tell
3152,divorce
3153,what
3154,dress
3155,blanket
3156,book
3157,bowl
3158,room
3159,clock
3160,couch
3161,house
3162,house
3163,light
3164,paper
3165,pillow
3166,plate
3167,sink
3168,soap
3169,television
3170,vacuum
3171,umbrella
3172,color
3173,inform
3174,inform
3175,ketchup
3176,pineapple
3177,grandmother
3178,table
3179,exercise
3180,man
3181,when
3182,clock
3183,thank you
3184,kitchen
3185,kitchen
3186,picture
3187,study
3188,tomorrow
3189,scissors
3190,baseball
3191,friend
3192,know
3193,basketball
3194,transfer
3195,explain
3196,goat
3197,play
3198,outside
3199,outside
3200,swing
3201,slide
3202,slide
3203,run
3204,walk
3205,bicycle
3206,grass
3207,water
3208,pull
3209,rock
3210,apple
3211,dirty
3212,flower
3213,bug
3214,bug
3215,tree
3216,help
3217,push
3218,ball
3219,baseball
3220,soccer
3221,soccer
3222,spring
3223,with
3224,mean
3225,wife
3226,train
3227,train
3228,greece
3229,cent
3230,sick
3231,doctor
3232,hospital
3233,student
3234,actor
3235,firefighter
3236,librarian
3237,musician
3238,psychologist
3239,photographer
3240,photographer
3241,engineer
3242,nurse
3243,teacher
3244,artist
3245,lawyer
3246,judge
3247,musician
3248,police officer
3249,sit
3250,dance
3251,nice
3252,vacuum
3253,dinner
3254,breakfast
3255,brush teeth
3256,stand
3257,run
3258,run
3259,sweep
3260,cook
3261,lunch
3262,shower
3263,wash face
3264,favorite
3265,explain
3266,warm
3267,dictionary
3268,west
3269,look at
3270,english
3271,math
3272,science
3273,history
3274,asl
3275,asl
3276,asl
3277,sign language
3278,france
3279,spanish
3280,gym
3281,draw
3282,music
3283,photography
3284,cooking
3285,paper
3286,pencil
3287,backpack
3288,book
3289,glue
3290,glue
3291,student
3292,teacher
3293,friend
3294,principal
3295,librarian
3296,counselor
3297,nurse
3298,nurse
3299,school
3300,classroom
3301,door
3302,bathroom
3303,cafeteria
3304,library
3305,locker
3306,read
3307,write
3308,teach
3309,learn
3310,listen
3311,focus
3312,study
3313,watch
3314,alarm
3315,bus
3316,bus
3317,class
3318,lunch
3319,homework
3320,schedule
3321,college
3322,university
3323,finish
3324,next year
3325,some
3326,hanukkah
3327,gymnastics
3328,bathtub
3329,search
3330,spanish
3331,spanish
3332,spanish
3333,spanish
3334,lion
3335,lion
3336,germany
3337,complain
3338,same
3339,red
3340,theater
3341,cow
3342,excited
3343,lobster
3344,like
3345,therapy
3346,moon
3347,door
3348,face
3349,look like
3350,eyes
3351,eyes
3352,beautiful
3353,cute
3354,cute
3355,ugly
3356,ugly
3357,fat
3358,fat
3359,fat
3360,old
3361,young
3362,young
3363,tall
3364,tall
3365,tall
3366,short
3367,short
3368,strong
3369,weak
3370,hair
3371,short hair
3372,short hair
3373,short hair
3374,long hair
3375,long hair
3376,curly hair
3377,curly hair
3378,bald
3379,bald
3380,beard
3381,beard
3382,beard
3383,beard
3384,day
3385,day
3386,flower
3387,shark
3388,tomorrow
3389,firefighter
3390,paint
3391,twelve
3392,giraffe
3393,elephant
3394,lion
3395,monkey
3396,tiger
3397,chicken
3398,duck
3399,cow
3400,mouse
3401,goat
3402,horse
3403,horse
3404,sheep
3405,bear
3406,bird
3407,butterfly
3408,fox
3409,fox
3410,turtle
3411,turkey
3412,turkey
3413,whale
3414,dolphin
3415,frog
3416,worm
3417,spider
3418,mexico
3419,transfer
3420,how
3421,how
3422,cow
3423,scissors
3424,thin
3425,microwave
3426,boyfriend
3427,look like
3428,purple
3429,saturday
3430,cheese
3431,cat
3432,sister
3433,awful
3434,greece
3435,flower
3436,clothes
3437,office
3438,plan
3439,schedule
3440,fire
3441,remember
3442,forget
3443,meeting
3444,meeting
3445,meeting
3446,speech
3447,boss
3448,email
3449,table
3450,sit
3451,pencil
3452,early
3453,late
3454,late
3455,busy
3456,cereal
3457,thursday
3458,give
3459,television
3460,internet
3461,remember
3462,asia
3463,sugar
3464,salad
3465,draw
3466,drink
3467,bowling
3468,juice
3469,cost
3470,no
3471,yes
3472,radio
3473,radio
3474,tie
3475,dresser
3476,color
3477,blue
3478,yellow
3479,green
3480,purple
3481,red
3482,pink
3483,pink
3484,brown
3485,black
3486,white
3487,gold
3488,gold
3489,silver
3490,hour
3491,hour
3492,study
3493,tie
3494,france
3495,spaghetti
3496,spaghetti
3497,spaghetti
3498,yes
3499,marry
3500,lawyer
3501,not want
3502,turtle
3503,turtle
3504,big
3505,eat
3506,breakfast
3507,cereal
3508,pancake
3509,bacon
3510,potato
3511,lunch
3512,sandwich
3513,bread
3514,cheese
3515,lettuce
3516,tomato
3517,dinner
3518,hoddog
3519,hamburger
3520,pizza
3521,fish
3522,lobster
3523,shrimp
3524,steak
3525,chicken
3526,soup
3527,dessert
3528,freeze cream
3529,cookie
3530,cake
3531,pie
3532,chocolate
3533,milk
3534,water
3535,tea
3536,coffee
3537,soda
3538,popcorn
3539,fruit
3540,grapes
3541,watermelon
3542,orange
3543,strawberry
3544,banana
3545,focus
3546,right
3547,elevator
3548,not know
3549,not know
3550,wood
3551,metal
3552,rubber
3553,glass
3554,rock
3555,screwdriver
3556,christmas
3557,thanksgiving
3558,easter
3559,hanukkah
3560,how_many
3561,destroy
3562,awkward
3563,copy
3564,hot
3565,hot
3566,feel
3567,feel
3568,how
3569,how
3570,how
3571,happy
3572,happy
3573,sad
3574,sad
3575,angry
3576,angry
3577,bored
3578,bored
3579,surprise
3580,surprise
3581,excited
3582,excited
3583,frustrated
3584,frustrated
3585,depressed
3586,depressed
3587,embarrassed
3588,embarrassed
3589,afraid
3590,afraid
3591,confused
3592,confused
3593,shock
3594,shock
3595,curly hair
3596,bed
3597,sorry
3598,sorry
3599,sorry
3600,study
3601,afraid
3602,afraid
3603,africa
3604,africa
3605,bald
3606,bald
3607,bald
3608,bald
3609,beard
3610,beard
3611,better
3612,better
3613,black
3614,black
3615,cochlear implant
3616,cochlear implant
3617,cough
3618,cough
3619,curly hair
3620,doctor
3621,doctor
3622,emotional
3623,emotional
3624,face
3625,face
3626,feel
3627,feel
3628,flower
3629,flower
3630,frustrated
3631,frustrated
3632,hair
3633,hair
3634,half
3635,half
3636,headache
3637,headache
3638,hearing help
3639,hearing help
3640,hill
3641,hill
3642,humble
3643,humble
3644,hurt
3645,hurt
3646,india
3647,india
3648,island
3649,lake
3650,lake
3651,long hair
3652,look like
3653,look like
3654,medicine
3655,medicine
3656,mix
3657,mix
3658,moon
3659,moon
3660,mountain
3661,mountain
3662,mustache
3663,mustache
3664,nervous
3665,nervous
3666,nosy
3667,nosy
3668,ocean
3669,ocean
3670,personality
3671,personality
3672,spring
3673,spring
3674,polite
3675,polite
3676,pregnant
3677,pregnant
3678,quiet
3679,quiet
3680,river
3681,river
3682,rude
3683,rude
3684,short hair
3685,short hair
3686,short hair
3687,short hair
3688,short hair
3689,short hair
3690,sneeze
3691,sneeze
3692,sore throat
3693,sore throat
3694,star
3695,star
3696,strong
3697,strong
3698,sun
3699,sun
3700,thin
3701,thin
3702,tree
3703,tree
3704,vomit
3705,vomit
3706,weak
3707,weak
3708,white
3709,white
3710,worry
3711,arrogant
3712,arrogant
3713,pow
3714,pow
3715,paper
3716,weather
3717,weather
3718,weather
3719,same
3720,can't
3721,more
3722,more
3723,more
3724,milk
3725,milk
3726,milk
3727,milk
3728,eat
3729,eat
3730,eat
3731,please
3732,please
3733,help
3734,help
3735,help
3736,mother
3737,mother
3738,mother
3739,mother
3740,mother
3741,father
3742,father
3743,father
3744,father
3745,father
3746,grandmother
3747,grandmother
3748,grandmother
3749,grandmother
3750,grandmother
3751,grandmother
3752,grandfather
3753,grandfather
3754,grandfather
3755,grandfather
3756,grandfather
3757,grandfather
3758,thank you
3759,thank you
3760,thank you
3761,team
3762,group
3763,theater
3764,draw
3765,sports
3766,college
3767,class
3768,study
3769,book
3770,exam
3771,write
3772,homework
3773,email
3774,here
3775,name
3776,how
3777,what
3778,what's up
3779,when
3780,where
3781,family
3782,family
3783,friend
3784,sister
3785,brother
3786,boy
3787,girl
3788,man
3789,woman
3790,hello
3791,welcome
3792,excuse me
3793,river
3794,river
3795,walk
3796,movie
3797,popcorn
3798,please
3799,read
3800,music
3801,finish
3802,run
3803,exercise
3804,dance
3805,any
3806,firefighter
3807,challenge
3808,all
3809,sorry
3810,city
3811,nice
3812,friday
3813,wednesday
3814,like
3815,like
3816,good
3817,shoes
3818,family
3819,football
3820,football
3821,soccer
3822,soccer
3823,soccer
3824,basketball
3825,basketball
3826,golf
3827,baseball
3828,swimming
3829,volleyball
3830,tennis
3831,ball
3832,game
3833,watch
3834,watch
3835,gymnastics
3836,gymnastics
3837,gymnastics
3838,gymnastics
3839,dance
3840,bowling
3841,bowling
3842,canada
3843,hearing
3844,pizza
3845,soccer
3846,horse
3847,university
3848,family
3849,family
3850,parents
3851,parents
3852,parents
3853,parents
3854,grandmother
3855,grandmother
3856,grandfather
3857,grandfather
3858,aunt
3859,uncle
3860,cousin
3861,cousin
3862,husband
3863,husband
3864,husband
3865,daughter
3866,daughter
3867,daughter
3868,son
3869,son
3870,children
3871,nephew
3872,nephew
3873,nephew
3874,niece
3875,marry
3876,marry
3877,separate
3878,separate
3879,divorce
3880,divorce
3881,friend
3882,friend
3883,boyfriend
3884,boyfriend
3885,boyfriend
3886,girlfriend
3887,girlfriend
3888,roommate
3889,roommate
3890,now
3891,yesterday
3892,long ago
3893,long ago
3894,long ago
3895,tomorrow
3896,tomorrow
3897,will
3898,future
3899,future
3900,future
3901,future
3902,later
3903,short
3904,time
3905,time
3906,birthday
3907,birthday
3908,birthday
3909,finish
3910,finish
3911,finish
3912,movie
3913,horse
3914,shoes
3915,shark
3916,embarrassed
3917,friendly
3918,humble
3919,innocent
3920,lazy
3921,wow
3922,mean
3923,mischievous
3924,personality
3925,polite
3926,rude
3927,serious
3928,shy
3929,silly
3930,smart
3931,smart
3932,strange
3933,strict
3934,stubborn
3935,stupid
3936,sweet
3937,sick
3938,corn
3939,corn
3940,shower
3941,watch
3942,tomato
3943,water
3944,innocent
3945,do
3946,travel
3947,dolphin
3948,alarm
3949,alarm
3950,bus
3951,bus
3952,class
3953,class
3954,lunch
3955,lunch
3956,lunch
3957,homework
3958,homework
3959,homework
3960,schedule
3961,schedule
3962,college
3963,university
3964,class
3965,class
3966,so
3967,pepper
3968,again
3969,again
3970,accident
3971,accident
3972,live
3973,live
3974,alone
3975,army
3976,asia
3977,asia
3978,asia
3979,asia
3980,asia
3981,asia
3982,australia
3983,australia
3984,australia
3985,austria
3986,austria
3987,challenge
3988,challenge
3989,china
3990,china
3991,china
3992,china
3993,country
3994,country
3995,country
3996,country
3997,die
3998,die
3999,destroy
4000,earthquake
4001,earthquake
4002,east
4003,east
4004,education
4005,education
4006,education
4007,education
4008,egypt
4009,egypt
4010,english
4011,english
4012,english
4013,english
4014,europe
4015,europe
4016,finland
4017,finland
4018,finland
4019,finland
4020,fire
4021,fire
4022,france
4023,full
4024,full
4025,germany
4026,go to
4027,go to
4028,government
4029,government
4030,graduate
4031,graduate
4032,greece
4033,half
4034,happen
4035,holland
4036,holland
4037,holland
4038,holland
4039,hong kong
4040,india
4041,iran
4042,iran
4043,iraq
4044,ireland
4045,israel
4046,italy
4047,italy
4048,japan
4049,korea
4050,korea
4051,korea
4052,korea
4053,late
4054,law
4055,leave
4056,lie
4057,list
4058,lost
4059,marry
4060,marry
4061,mexico
4062,mexico
4063,mexico
4064,mexico
4065,nothing
4066,north
4067,norway
4068,philippines
4069,philippines
4070,poland
4071,poland
4072,pregnant
4073,principal
4074,puerto rico
4075,retire
4076,retire
4077,retire
4078,retire
4079,russia
4080,russia
4081,russia
4082,russia
4083,school
4084,scotland
4085,senior
4086,single
4087,army
4088,south
4089,south america
4090,south america
4091,spain
4092,sweden
4093,sweden
4094,sweden
4095,sweden
4096,switzerland
4097,taiwan
4098,travel
4099,west
4100,wrong
4101,wrong
4102,wrong
4103,wrong
4104,apple
4105,hungry
4106,born
4107,live
4108,from
4109,city
4110,near
4111,far
4112,watermelon
4113,watermelon
4114,watermelon
4115,name
4116,send
4117,born
4118,elementary school
4119,elementary school
4120,center school
4121,center school
4122,college
4123,major
4124,university
4125,nothing
4126,nothing
4127,around
4128,teacher
4129,tree
4130,tree
4131,austria
4132,practice
4133,want
4134,sweetheart
4135,fun
4136,basketball
4137,building
4138,sophomore
4139,visit
4140,born
4141,start
4142,graduate
4143,college
4144,like
4145,funny
4146,better
4147,breakfast
4148,write
4149,write
4150,drive
4151,sit
4152,sit
4153,door
4154,door
4155,window
4156,drawer
4157,book
4158,pencil
4159,pencil
4160,bicycle
4161,hot
4162,hot
4163,cold
4164,warm
4165,warm
4166,cool
4167,take
4168,take
4169,for
4170,for
4171,for
4172,read
4173,can't
4174,can't
4175,answer
4176,refuse
4177,refuse
4178,painting
4179,finland
4180,pet
4181,one
4182,two
4183,three
4184,four
4185,five
4186,six
4187,seven
4188,eight
4189,nine
4190,ten
4191,eleven
4192,twelve
4193,thirteen
4194,fourteen
4195,fifteen
4196,sixteen
4197,seventeen
4198,eighteen
4199,nineteen
4200,twenty
4201,21
4202,22
4203,23
4204,24
4205,25
4206,26
4207,27
4208,28
4209,29
4210,30
4211,woman
4212,kiss
4213,doctor
4214,library
4215,cereal
4216,afternoon
4217,orange
4218,accident
4219,alarm
4220,alarm
4221,algebra
4222,algebra
4223,america
4224,america
4225,area
4226,area
4227,around
4228,arrive
4229,arrive
4230,arrive
4231,arrive
4232,draw
4233,athlete
4234,athlete
4235,back
4236,biology
4237,biology
4238,break
4239,break
4240,break
4241,bus
4242,bus
4243,busy
4244,busy
4245,business
4246,cafeteria
4247,calculus
4248,calculus
4249,chemistry
4250,chemistry
4251,class
4252,class
4253,boss
4254,boss
4255,computer
4256,computer
4257,cook
4258,cook
4259,counselor
4260,counselor
4261,dance
4262,dance
4263,economics
4264,economics
4265,education
4266,elementary school
4267,elementary school
4268,engineering
4269,engineering
4270,flag
4271,flag
4272,forget
4273,forget
4274,freshman
4275,freshman
4276,front
4277,front
4278,gallaudet
4279,geometry
4280,geometry
4281,government
4282,half hour
4283,half hour
4284,hallway
4285,history
4286,history
4287,hour
4288,hour
4289,interpreter
4290,interpreter
4291,junior
4292,junior
4293,late
4294,late
4295,learn
4296,learn
4297,librarian
4298,librarian
4299,library
4300,library
4301,line up
4302,line up
4303,locker
4304,look at
4305,look at
4306,search
4307,search
4308,mainstreamed
4309,mainstreamed
4310,major
4311,major
4312,math
4313,math
4314,center school
4315,center school
4316,midnight
4317,midnight
4318,motorcycle
4319,motorcycle
4320,noon
4321,noon
4322,nurse
4323,nurse
4324,nurse
4325,nurse
4326,office
4327,office
4328,photography
4329,photography
4330,physics
4331,physics
4332,pool
4333,pool
4334,principal
4335,principal
4336,psychologist
4337,psychologist
4338,remember
4339,remember
4340,room
4341,science
4342,science
4343,secretary
4344,senior
4345,senior
4346,sophomore
4347,sophomore
4348,speech
4349,speech
4350,store
4351,student
4352,student
4353,student center
4354,student center
4355,take
4356,take off
4357,take off
4358,teach
4359,theater
4360,theater
4361,think
4362,think
4363,time
4364,time
4365,train
4366,trigonometry
4367,trigonometry
4368,vice president
4369,vice president
4370,wood
4371,wood
4372,write
4373,write
4374,yearbook
4375,past
4376,tomato
4377,taiwan
4378,cough
4379,tired
4380,vomit
4381,vomit
4382,red
4383,finish
4384,should
4385,medicine
4386,pshaw
4387,awful
4388,wow
4389,know
4390,every afternoon
4391,every week
4392,since
4393,all morning
4394,all morning
4395,all night
4396,stuck
4397,better
4398,tend
4399,always
4400,lost
4401,steal
4402,afraid
4403,complain
4404,complain
4405,cry
4406,lie
4407,lie
4408,mischievous
4409,drop
4410,since
4411,oversleep
4412,oversleep
4413,buy
4414,eat
4415,complain
4416,open
4417,open
4418,open
4419,open
4420,center school
4421,dentist
4422,stop
4423,boy
4424,vacation
4425,how_many
4426,sister
4427,sister
4428,socks
4429,soup
4430,from
4431,math
4432,nurse
4433,minute
4434,boyfriend
4435,boyfriend
4436,cook
4437,sad
4438,sad
4439,love
4440,copy
4441,vacation
4442,paper
4443,thank you
4444,same
4445,same
4446,same
4447,you
4448,lake
4449,lake
4450,house
4451,time
4452,minute
4453,hour
4454,everyday
4455,sunday
4456,monday
4457,monday
4458,tuesday
4459,tuesday
4460,wednesday
4461,thursday
4462,friday
4463,saturday
4464,week
4465,weekend
4466,month
4467,year
4468,year
4469,morning
4470,noon
4471,night
4472,every morning
4473,winter
4474,spring
4475,summer
4476,past
4477,monday
4478,tuesday
4479,wednesday
4480,thursday
4481,saturday
4482,sunday
4483,tomorrow
4484,yesterday
4485,now
4486,morning
4487,afternoon
4488,night
4489,midnight
4490,early
4491,early
4492,early
4493,early
4494,fine
4495,appointment
4496,exercise
4497,exercise
4498,party
4499,practice
4500,play cardss
4501,go to
4502,must
4503,can't
4504,visit
4505,eat
4506,see
4507,sick
4508,sick
4509,oversleep
4510,oversleep
4511,school
4512,class
4513,church
4514,meeting
4515,meeting
4516,dentist
4517,doctor
4518,home
4519,store
4520,movie
4521,movie
4522,hospital
4523,work
4524,restaurant
4525,restaurant
4526,bored
4527,enjoy
4528,enjoy
4529,hate
4530,like
4531,tired
4532,welcome
4533,past
4534,summer
4535,summer
4536,summer
4537,summer
4538,excuse me
4539,family
4540,learn
4541,draw
4542,happy
4543,egg
4544,egg
4545,our
4546,awful
4547,japan
4548,restaurant
4549,welcome
4550,deaf
4551,when
4552,where
4553,center
4554,hair
4555,arrive
4556,table
4557,hi
4558,wife
4559,white
4560,hello
4561,chicken
4562,chicken
4563,chicken
4564,turkey
4565,fish
4566,soup
4567,pizza
4568,hamburger
4569,hoddog
4570,hoddog
4571,sandwich
4572,sandwich
4573,sandwich
4574,cheese
4575,cheese
4576,france fries
4577,corn
4578,bread
4579,carrot
4580,onion
4581,salad
4582,lettuce
4583,tomato
4584,mushroom
4585,again
4586,now
4587,some
4588,lion
4589,turkey
4590,fox
4591,squirrel
4592,rabbit
4593,horse
4594,duck
4595,elephant
4596,when
4597,ireland
4598,ireland
4599,bird
4600,twenty
4601,train
4602,portugal
4603,all
4604,all
4605,most
4606,many
4607,some
4608,few
4609,few
4610,nothing
4611,nothing
4612,any
4613,list
4614,tend
4615,university
4616,fine
4617,rude
4618,big
4619,big
4620,23
4621,expensive
4622,cough
4623,milk
4624,milk
4625,milk
4626,milk
4627,want
4628,want
4629,want
4630,want
4631,want
4632,want
4633,bath
4634,bath
4635,bath
4636,bath
4637,hurt
4638,hurt
4639,hurt
4640,hurt
4641,how_many
4642,how_many
4643,how_many
4644,how_many
4645,go
4646,go
4647,go
4648,go
4649,go
4650,play
4651,play
4652,play
4653,snow
4654,city
4655,city
4656,marry
4657,lost
4658,minute
4659,hour
4660,month
4661,year
4662,some
4663,many
4664,apple
4665,orange
4666,peach
4667,skirt
4668,pants
4669,shirt
4670,shoes
4671,belt
4672,glass
4673,plate
4674,bowl
4675,cup
4676,spoon
4677,knife
4678,how_many
4679,gone
4680,kitchen
4681,table
4682,newspaper
4683,letter
4684,candy
4685,better
4686,hid
4687,think
4688,chicken
4689,true
4690,cooking
4691,kitchen
4692,apple
4693,firefighter
4694,late
4695,basketball
4696,basketball
4697,boat
4698,boat
4699,call
4700,camp
4701,camp
4702,come on
4703,fast
4704,fast
4705,fish
4706,football
4707,football
4708,golf
4709,gymnastics
4710,gymnastics
4711,hear
4712,hear
4713,hike
4714,hike
4715,hockey
4716,hockey
4717,ice-skating
4718,ice-skating
4719,jump
4720,jump
4721,last month
4722,last month
4723,last week
4724,last week
4725,last year
4726,long
4727,many
4728,many
4729,next week
4730,next year
4731,next year
4732,play
4733,play
4734,play cardss
4735,play cardss
4736,skateboard
4737,skateboard
4738,snowboard
4739,snowboard
4740,soccer
4741,surf
4742,surf
4743,swim
4744,swim
4745,talk
4746,team
4747,team
4748,tennis
4749,volleyball
4750,volleyball
4751,ball
4752,ball
4753,truck
4754,do
4755,do
4756,tuesday
4757,freeway
4758,fish
4759,principal
4760,principal
4761,bad
4762,dark
4763,copy
4764,apple
4765,down
4766,elephant
4767,friend
4768,freeze cream
4769,monkey
4770,quarter
4771,rain
4772,strawberry
4773,train
4774,umbrella
4775,artist
4776,example
4777,shirt
4778,cat
4779,eat
4780,soup
4781,chicken
4782,potato
4783,salad
4784,freeze cream
4785,bread
4786,cheese
4787,egg
4788,meat
4789,sugar
4790,cereal
4791,spaghetti
4792,salt
4793,pepper
4794,water
4795,milk
4796,wine
4797,soda
4798,shop
4799,store
4800,buy
4801,cost
4802,expensive
4803,cheap
4804,dollar
4805,money
4806,can't
4807,refuse
4808,easy
4809,hard
4810,hear
4811,cabinets
4812,speech
4813,earthquake
4814,first
4815,cup
4816,shock
4817,awful
4818,home
4819,party
4820,nurse
4821,month
4822,your
4823,shark
4824,laundry
4825,how_many
4826,confused
4827,left
4828,fishing
4829,email
4830,europe
4831,all
4832,sit
4833,cherry
4834,wrong
4835,wrong
4836,pow
4837,pow
4838,pow
4839,happen
4840,accident
4841,accident
4842,hong kong
4843,hard of hearing
4844,team
4845,store
4846,hippo
4847,can
4848,we
4849,juice
4850,lunch
4851,not like
4852,not like
4853,up
4854,up
4855,walk
4856,hour
4857,warm
4858,warm
4859,meat
4860,bald
4861,bald
4862,beard
4863,curly hair
4864,hair
4865,long hair
4866,long hair
4867,mustache
4868,short hair
4869,short hair
4870,stairs
4871,leave
4872,hotel
4873,spring
4874,depressed
4875,disgusted
4876,quiet
4877,silly
4878,wet
4879,loud
4880,slow
4881,proud
4882,strict
4883,light
4884,shy
4885,fast
4886,dry
4887,ok
4888,heart
4889,tend
4890,europe
4891,holland
4892,alone
4893,wish
4894,total
4895,bath
4896,bath
4897,frog
4898,snowboard
4899,meaning
4900,roommate
4901,star
4902,grass
4903,banana
4904,deer
4905,morning
4906,school
4907,draw
4908,orange
4909,orange
4910,moon
4911,learn
4912,jacket
4913,grandmother
4914,grandmother
4915,happy
4916,black
4917,green
4918,dresser
4919,rabbit
4920,finish
4921,flat tire
4922,beer
4923,black
4924,jealous
4925,sad
4926,think
4927,son
4928,now
4929,work
4930,nurse
4931,so
4932,sun
4933,sun
4934,sun
4935,woman
4936,apple
4937,banana
4938,carrot
4939,carrot
4940,cherry
4941,cherry
4942,cherry
4943,corn
4944,corn
4945,fruit
4946,grapes
4947,melon
4948,peach
4949,pear
4950,pineapple
4951,potato
4952,salad
4953,strawberry
4954,strawberry
4955,tomato
4956,vegetable
4957,same
4958,how
4959,sweet
4960,sweet
4961,me
4962,now
4963,see
4964,how
4965,how
4966,hour
4967,hour
4968,hour
4969,hour
4970,first
4971,come
4972,home
4973,when
4974,there
4975,year
4976,bright
4977,day
4978,day
4979,start
4980,teach
4981,teach
4982,heart
4983,hoddog
4984,run
4985,finland
4986,magazine
4987,today
4988,museum
4989,next week
4990,doctor
4991,lost
4992,argue
4993,break
4994,break
4995,complain
4996,cry
4997,drop
4998,drop
4999,drop
5000,fight
5001,fight
5002,forget
5003,forget
5004,lost
5005,lost
5006,lost
5007,lie
5008,lie
5009,mischievous
5010,take
5011,take
5012,hoddog
5013,germany
5014,sleepy
5015,slow
5016,so
5017,take care
5018,take care
5019,thank you
5020,tired
5021,today
5022,today
5023,tomorrow
5024,meet
5025,understand
5026,want
5027,what
5028,we
5029,sports
5030,sports
5031,what's up
5032,yes
5033,different
5034,wake up
5035,nothing
5036,near
5037,far
5038,far
5039,far
5040,far
5041,door
5042,window
5043,computer
5044,computer
5045,computer
5046,light
5047,walk
5048,sit
5049,jump
5050,swim
5051,gray
5052,living room
5053,boyfriend
5054,learn
5055,nosy
5056,nosy
5057,annoy
5058,gossip
5059,cold
5060,light
5061,bed
5062,family
5063,room
5064,bath
5065,bathtub
5066,shower
5067,shirt
5068,feel
5069,shy
5070,shock
5071,lazy
5072,lonely
5073,spring
5074,spring
5075,spring
5076,summer
5077,medicine
5078,doctor
5079,doctor
5080,doctor
5081,doctor
5082,should
5083,should
5084,grapes
5085,tea
5086,most
5087,close
5088,envelope
5089,sister
5090,sister
5091,white
5092,store
5093,calendar
5094,water
5095,tea
5096,wine
5097,milk
5098,banana
5099,pineapple
5100,pineapple
5101,chicken
5102,shrimp
5103,bread
5104,toast
5105,cookie
5106,cake
5107,hoddog
5108,mushroom
5109,corn
5110,carrot
5111,cheese
5112,chocolate
5113,chocolate
5114,bake
5115,cook
5116,coffee
5117,soda
5118,beer
5119,apple
5120,peach
5121,grapes
5122,watermelon
5123,watermelon
5124,fish
5125,turkey
5126,salad
5127,butter
5128,cracker
5129,pie
5130,sandwich
5131,lettuce
5132,onion
5133,freeze cream
5134,freeze cream
5135,nuts
5136,mix
5137,measure
5138,expensive
5139,mushroom
5140,gossip
5141,tall
5142,hungry
5143,hungry
5144,hungry
5145,hungry
5146,hungry
5147,hungry
5148,hungry
5149,hungry
5150,cereal
5151,cereal
5152,cereal
5153,cookie
5154,cookie
5155,cookie
5156,cookie
5157,drink
5158,drink
5159,drink
5160,drink
5161,drink
5162,drink
5163,drink
5164,me
5165,me
5166,me
5167,me
5168,me
5169,me
5170,me
5171,me
5172,quiet
5173,quiet
5174,quiet
5175,quiet
5176,not yet
5177,school
5178,if
5179,every night
5180,pencil
5181,but
5182,cow
5183,blanket
5184,nice
5185,rude
5186,rude
5187,crazy
5188,strange
5189,old
5190,young
5191,mustache
5192,cute
5193,dumb
5194,dumb
5195,dumb
5196,stupid
5197,stupid
5198,eyeglasses
5199,hearing help
5200,that one
5201,that
5202,house
5203,forget
5204,stay
5205,stay
5206,still
5207,pull
5208,push
5209,play
5210,party
5211,new
5212,apple
5213,pig
5214,graduate
5215,book
5216,book
5217,strawberry
5218,college
5219,room
5220,weekend
5221,snake
5222,gum
5223,room
5224,who
5225,what
5226,when
5227,where
5228,why
5229,how
5230,please
5231,thank you
5232,stop
5233,help
5234,yes
5235,no
5236,understand
5237,know
5238,hearing
5239,deaf
5240,teacher
5241,student
5242,teach
5243,learn
5244,your
5245,better
5246,better
5247,broke
5248,broke
5249,cold
5250,cough
5251,cough
5252,cough
5253,dizzy
5254,dizzy
5255,doctor
5256,feel
5257,headache
5258,headache
5259,hospital
5260,hurt
5261,medicine
5262,medicine
5263,nurse
5264,hurt
5265,sick
5266,sneeze
5267,sore throat
5268,sore throat
5269,sore throat
5270,sore throat
5271,tired
5272,vomit
5273,vomit
5274,never
5275,proud
5276,jealous
5277,travel
5278,fence
5279,television
5280,later
5281,later
5282,later
5283,teacher
5284,teacher
5285,teacher
5286,hurry
5287,firefighter
5288,water
5289,sunday
5290,monday
5291,monday
5292,tuesday
5293,wednesday
5294,thursday
5295,thursday
5296,friday
5297,friday
5298,saturday
5299,saturday
5300,breakfast
5301,breakfast
5302,breakfast
5303,eat
5304,cook
5305,bake
5306,drink
5307,coffee
5308,coffee
5309,tea
5310,tea
5311,sometimes
5312,sometimes
5313,often
5314,often
5315,never
5316,never
5317,basement
5318,basement
5319,garage
5320,kitchen
5321,floor
5322,furniture
5323,up
5324,up
5325,down
5326,down
5327,down
5328,leave
5329,bird
5330,underwear
5331,france
5332,hoddog
5333,nice
5334,volleyball
5335,weak
5336,milk
5337,time
5338,delicious
5339,believe
5340,world
5341,sun
5342,moon
5343,star
5344,ocean
5345,mountain
5346,island
5347,river
5348,use
5349,show
5350,adopt
5351,born
5352,plus
5353,strong
5354,write
5355,cost
5356,cost
5357,cost
5358,milk
5359,kitchen
5360,stairs
5361,shelf
5362,south africa
5363,yearbook
5364,wood
5365,draw
5366,photography
5367,algebra
5368,calculus
5369,geometry
5370,science
5371,chemistry
5372,biology
5373,physics
5374,education
5375,speech
5376,history
5377,english
5378,business
5379,engineering
5380,economics
5381,gym
5382,government
5383,health
5384,health
5385,health
5386,health
5387,man
5388,man
5389,fight
5390,france
5391,one
5392,two
5393,two
5394,four
5395,five
5396,six
5397,eight
5398,ten
5399,eleven
5400,twelve
5401,thirteen
5402,30
5403,city
5404,letter
5405,i
5406,letter
5407,bye
5408,minute
5409,minute
5410,family
5411,retire
5412,breakfast
5413,crazy
5414,want
5415,monday
5416,chat
5417,physics
5418,wake up
5419,watch
5420,hear
5421,man
5422,book
5423,lazy
5424,spring
5425,salt
5426,boss
5427,counselor
5428,counselor
5429,counselor
5430,janitor
5431,interpreter
5432,interpreter
5433,librarian
5434,nurse
5435,principal
5436,secretary
5437,teacher
5438,bank
5439,green
5440,soda
5441,shirt
5442,favorite
5443,color
5444,red
5445,red
5446,red
5447,orange
5448,yellow
5449,green
5450,blue
5451,purple
5452,pink
5453,white
5454,black
5455,brown
5456,silver
5457,gold
5458,gray
5459,cook
5460,motorcycle
5461,bath
5462,water
5463,water
5464,soap
5465,soap
5466,dry
5467,dry
5468,bathroom
5469,bathroom
5470,brush teeth
5471,brush teeth
5472,sink
5473,sink
5474,towel
5475,towel
5476,wash face
5477,wash face
5478,hot
5479,hot
5480,cold
5481,cold
5482,finish
5483,nice
5484,nice
5485,dirty
5486,dirty
5487,green
5488,play cardss
5489,finish
5490,children
5491,happy
5492,happy
5493,red
5494,yellow
5495,blue
5496,green
5497,brown
5498,brown
5499,black
5500,pink
5501,purple
5502,orange
5503,dress
5504,skirt
5505,jacket
5506,hair
5507,eyes
5508,nose
5509,mouth
5510,tall
5511,thin
5512,beard
5513,small
5514,ugly
5515,friendly
5516,arrogant
5517,snob
5518,good
5519,bad
5520,appearance
5521,feel
5522,50
5523,france
5524,girl
5525,my
5526,child
5527,children
5528,nephew
5529,niece
5530,aunt
5531,cousin
5532,cousin
5533,family
5534,mother
5535,mother
5536,brother
5537,sister
5538,grandfather
5539,husband
5540,we
5541,friend
5542,fire
5543,cost
5544,cup
5545,spanish
5546,meat
5547,engineer
5548,engineer
5549,understand
5550,glasses
5551,marry
5552,wet
5553,underwear
5554,candle
5555,medicine
5556,hello
5557,out
5558,get up
5559,clothes
5560,shirt
5561,pants
5562,jacket
5563,dress
5564,skirt
5565,sweater
5566,underwear
5567,belt
5568,watch
5569,scarf
5570,socks
5571,shoes
5572,boots
5573,glasses
5574,tie
5575,next week
5576,milk
5577,bald
5578,store
5579,noon
5580,pizza
5581,name
5582,money
5583,music
5584,will
5585,speech
5586,cracker
5587,cracker
5588,cracker
5589,street
5590,newspaper
5591,oversleep
5592,black
5593,switzerland
5594,disappear
5595,sixteen
5596,strong
5597,dinner
5598,funny
5599,dresser
5600,poor
5601,mexico
5602,eat
5603,easter
5604,up
5605,up
5606,boat
5607,stay
5608,pillow
5609,bathroom
5610,deaf
5611,holland
5612,weak
5613,easter
5614,shop
5615,schedule
5616,wife
5617,careful
5618,clock
5619,lion
5620,lion
5621,born
5622,room
5623,lunch
5624,hearing
5625,appointment
5626,midnight
5627,afternoon
5628,again
5629,again
5630,artist
5631,artist
5632,asl
5633,asl
5634,bad
5635,ball
5636,ball
5637,book
5638,room
5639,boy
5640,but
5641,right
5642,right
5643,right
5644,deaf
5645,deaf
5646,not understand
5647,door
5648,draw
5649,explain
5650,fine
5651,flower
5652,forget
5653,from
5654,girl
5655,hearing
5656,here
5657,how
5658,how
5659,how are you
5660,how are you
5661,key
5662,know
5663,learn
5664,light
5665,man
5666,me
5667,me
5668,me
5669,morning
5670,my
5671,never
5672,nice to meet you
5673,nice to meet you
5674,night
5675,no
5676,pencil
5677,practice
5678,put_down
5679,put_down
5680,put_down
5681,put_down
5682,put_down
5683,put_down
5684,ready
5685,student
5686,they
5687,understand
5688,we
5689,we
5690,where
5691,window
5692,woman
5693,wrong
5694,yellow
5695,you
5696,your
5697,table
5698,table
5699,table
5700,fruit
5701,shrimp
5702,tree
5703,tree
5704,light
5705,forget
5706,norway
5707,norway
5708,color
5709,glass
5710,winter
5711,boring
5712,mushroom
5713,pepper
5714,accept
5715,bathroom
5716,again
5717,waiter
5718,mountain
5719,give
5720,ugly
5721,water
5722,turkey
5723,red
5724,south america
5725,window
5726,sister
5727,pepper
5728,cough
5729,tired
5730,break
5731,feel
5732,hurt
5733,headache
5734,finish
5735,should
5736,doctor
5737,appointment
5738,rest
5739,medicine
5740,pshaw
5741,awful
5742,wow
5743,every morning
5744,every afternoon
5745,every night
5746,everyday
5747,every week
5748,every year
5749,all morning
5750,all night
5751,all day
5752,stuck
5753,better
5754,bye
5755,early
5756,give
5757,go
5758,good
5759,hour
5760,humble
5761,loud
5762,minute
5763,motivated
5764,friendly
5765,show
5766,since
5767,visit
5768,tend
5769,always
5770,argue
5771,arrogant
5772,lazy
5773,lousy
5774,mean
5775,personality
5776,bad
5777,quiet
5778,afraid
5779,take
5780,late
5781,oversleep
5782,buy
5783,worry
5784,eat
5785,broke
5786,nosy
5787,gossip
5788,lost
5789,steal
5790,lie
5791,mischievous
5792,forget
5793,join
5794,left
5795,near
5796,far
5797,intersection
5798,east
5799,west
5800,north
5801,south
5802,city
5803,street
5804,mountain
5805,elevator
5806,building
5807,sign
5808,police
5809,careful
5810,follow
5811,ready
5812,play
5813,bird
5814,break
5815,not
5816,sister
5817,shirt
5818,bake
5819,bake
5820,cook
5821,shirt
5822,girl
5823,area
5824,people
5825,mother
5826,boy
5827,girl
5828,baby
5829,live
5830,table
5831,careful
5832,know
5833,school
5834,freeze
5835,cough
5836,restaurant
5837,thursday
5838,freeze
5839,thirsty
5840,wednesday
5841,stand
5842,lie
5843,cow
5844,answer
5845,fire
5846,manager
5847,hit
5848,fight
5849,lost
5850,freshman
5851,freshman
5852,freshman
5853,junior
5854,senior
5855,soon
5856,soon
5857,soon
5858,clear
5859,hid
5860,want
5861,like
5862,can
5863,play
5864,lead
5865,lead
5866,lead
5867,lead
5868,judge
5869,judge
5870,due
5871,radio
5872,church
5873,chocolate
5874,build
5875,building
5876,research
5877,research
5878,history
5879,gold
5880,silver
5881,gold
5882,sports
5883,pumpkin
5884,hate
5885,relationship
5886,ticket
5887,mean
5888,mean
5889,humble
5890,emotional
5891,wish
5892,hungry
5893,pig
5894,bacon
5895,false
5896,early
5897,early
5898,equal
5899,tell
5900,tell
5901,dumb
5902,dumb
5903,stupid
5904,stupid
5905,finish
5906,garage
5907,vietnam
5908,mouth
5909,friendly
5910,maybe
5911,yellow
5912,back
5913,sick
5914,gold
5915,bath
5916,aunt
5917,friendly
5918,practice
5919,nervous
5920,like
5921,not know
5922,dollar
5923,dollar
5924,short
5925,help
5926,find
5927,later
5928,cloud
5929,now
5930,now
5931,teach
5932,boss
5933,pencil
5934,cherry
5935,bus
5936,girlfriend
5937,how_many
5938,room
5939,week
5940,scarf
5941,read
5942,drink
5943,fly
5944,like
5945,like
5946,flirt
5947,flirt
5948,date
5949,date
5950,argue
5951,argue
5952,boyfriend
5953,boyfriend
5954,boyfriend
5955,girlfriend
5956,autumn in love
5957,autumn in love
5958,autumn in love
5959,love
5960,love
5961,best friend
5962,best friend
5963,best friend
5964,basketball
5965,shower
5966,now
5967,need
5968,paper
5969,fine
5970,school
5971,classroom
5972,classroom
5973,door
5974,door
5975,bathroom
5976,cafeteria
5977,cafeteria
5978,library
5979,library
5980,locker
5981,locker
5982,hallway
5983,hallway
5984,together
5985,turtle
5986,turtle
5987,turtle
5988,austria
5989,always
5990,china
5991,exercise
5992,fence
5993,beautiful
5994,beautiful
5995,banana
5996,rubber
5997,marry
5998,phone
5999,phone
6000,phone
6001,sweden
6002,beard
6003,night
6004,night
6005,home
6006,brother
6007,bathroom
6008,bus
6009,cafeteria
6010,hallway
6011,library
6012,locker
6013,gray
6014,salt
6015,wait
6016,sew
6017,scientist
6018,smart
6019,visit
6020,denmark
6021,scotland
6022,autumn
6023,winter
6024,spring
6025,spring
6026,summer
6027,cool
6028,hot
6029,cold
6030,happy
6031,sad
6032,depressed
6033,morning
6034,noon
6035,afternoon
6036,night
6037,midnight
6038,clock
6039,time
6040,now
6041,today
6042,tomorrow
6043,yesterday
6044,feel
6045,good
6046,bad
6047,ok
6048,lousy
6049,awful
6050,mad
6051,all day
6052,all night
6053,every morning
6054,every afternoon
6055,every night
6056,wednesday
6057,friday
6058,saturday
6059,sunday
6060,pass
6061,aunt
6062,aunt
6063,pig
6064,polite
6065,one
6066,two
6067,three
6068,four
6069,five
6070,six
6071,seven
6072,eight
6073,nine
6074,ten
6075,center
6076,there
6077,nothing
6078,book
6079,book
6080,help
6081,show
6082,tell
6083,pencil
6084,pencil
6085,ask
6086,black
6087,learn
6088,work
6089,popcorn
6090,proud
6091,mother
6092,sign language
6093,purchase
6094,musician
6095,camping
6096,fishing
6097,fishing
6098,fishing
6099,hike
6100,hike
6101,hike
6102,hike
6103,ice-skating
6104,ice-skating
6105,skiing
6106,skiing
6107,surfing
6108,surfing
6109,school
6110,play
6111,mirror
6112,know
6113,vegetable
6114,more
6115,cold
6116,teach
6117,class
6118,college
6119,school
6120,sign
6121,pencil
6122,paper
6123,book
6124,which
6125,why
6126,take up
6127,one
6128,understand
6129,mean
6130,explain
6131,again
6132,please
6133,more
6134,there
6135,there
6136,here
6137,here
6138,firefighter
6139,firefighter
6140,firefighter
6141,yellow
6142,soon
6143,nice
6144,cheap
6145,have
6146,beach
6147,retire
6148,goat
6149,goat
6150,goat
6151,last week
6152,high school
6153,bicycle
6154,wrong
6155,banana
6156,nurse
6157,car
6158,cup
6159,drink
6160,early
6161,glasses
6162,hat
6163,key
6164,schedule
6165,manager
6166,camping
6167,red
6168,red
6169,yellow
6170,yellow
6171,blue
6172,blue
6173,green
6174,green
6175,white
6176,pink
6177,pink
6178,purple
6179,purple
6180,gray
6181,gray
6182,orange
6183,hat
6184,skirt
6185,jacket
6186,hair
6187,eyes
6188,ears
6189,nose
6190,mouth
6191,tall
6192,tall
6193,tall
6194,tall
6195,thin
6196,thin
6197,beard
6198,ugly
6199,ugly
6200,friendly
6201,friendly
6202,good
6203,see
6204,right
6205,wrong
6206,late
6207,divorce
6208,year
6209,microwave
6210,argentina
6211,man
6212,cute
6213,brave
6214,frustrated
6215,broke
6216,accident
6217,tea
6218,book
6219,vacation
6220,basement
6221,cool
6222,if
6223,sad
6224,yellow
6225,deaf
6226,pepper
6227,polite
6228,sunday
6229,adult
6230,adult
6231,annoy
6232,annoy
6233,argue
6234,argue
6235,arrogant
6236,arrogant
6237,aunt
6238,aunt
6239,baby
6240,baby
6241,best friend
6242,best friend
6243,big
6244,big
6245,bird
6246,bird
6247,boring
6248,boring
6249,boy
6250,boy
6251,boyfriend
6252,boyfriend
6253,break up
6254,break up
6255,brother
6256,brother
6257,but
6258,but
6259,cat
6260,cat
6261,child
6262,child
6263,children
6264,children
6265,college
6266,college
6267,cousin
6268,cousin
6269,cousin
6270,cousin
6271,cute
6272,cute
6273,date
6274,date
6275,daughter
6276,daughter
6277,divorce
6278,divorce
6279,dog
6280,dog
6281,autumn in love
6282,autumn in love
6283,family
6284,family
6285,father
6286,father
6287,fish
6288,fish
6289,flirt
6290,flirt
6291,friendly
6292,friendly
6293,funny
6294,funny
6295,get
6296,girl
6297,girl
6298,girlfriend
6299,girlfriend
6300,go to
6301,go to
6302,graduate
6303,graduate
6304,grandfather
6305,grandfather
6306,grandmother
6307,grandmother
6308,have
6309,have
6310,high school
6311,high school
6312,interesting
6313,interesting
6314,laugh
6315,laugh
6316,lazy
6317,lazy
6318,lazy
6319,lazy
6320,same
6321,same
6322,love
6323,love
6324,man
6325,man
6326,marry
6327,mean
6328,mean
6329,medium
6330,medium
6331,mischievous
6332,mischievous
6333,mother
6334,mother
6335,motivated
6336,motivated
6337,negative
6338,negative
6339,nephew
6340,nephew
6341,niece
6342,only
6343,only
6344,parents
6345,parents
6346,people
6347,positive
6348,positive
6349,beautiful
6350,beautiful
6351,relationship
6352,relationship
6353,short
6354,short
6355,should
6356,should
6357,shy
6358,shy
6359,single
6360,single
6361,sister
6362,sister
6363,small
6364,smart
6365,smart
6366,son
6367,son
6368,step
6369,step
6370,stupid
6371,stupid
6372,sweet
6373,sweet
6374,sweetheart
6375,sweetheart
6376,together
6377,together
6378,total
6379,total
6380,twins
6381,twins
6382,ugly
6383,ugly
6384,uncle
6385,uncle
6386,woman
6387,woman
6388,young
6389,young
6390,chicken
6391,animal
6392,bat
6393,bear
6394,bird
6395,bug
6396,butterfly
6397,cat
6398,cat
6399,cat
6400,cow
6401,deer
6402,deer
6403,dolphin
6404,elephant
6405,fish
6406,fox
6407,giraffe
6408,hippo
6409,horse
6410,lion
6411,monkey
6412,mouse
6413,pig
6414,shark
6415,snake
6416,spider
6417,squirrel
6418,tiger
6419,turtle
6420,whale
6421,worm
6422,bear
6423,happen
6424,frog
6425,frog
6426,college
6427,lunch
6428,israel
6429,brush teeth
6430,what
6431,where
6432,why
6433,who
6434,when
6435,how
6436,name
6437,same
6438,different
6439,different
6440,deaf
6441,hearing
6442,hearing
6443,man
6444,woman
6445,boy
6446,girl
6447,student
6448,teach
6449,learn
6450,high school
6451,university
6452,yes
6453,no
6454,remember
6455,remember
6456,forget
6457,forget
6458,sit
6459,door
6460,light
6461,water
6462,class
6463,elevator
6464,elevator
6465,soda
6466,milk
6467,tea
6468,coffee
6469,candy
6470,want
6471,want
6472,want
6473,buy
6474,paper
6475,paper
6476,book
6477,book
6478,cup
6479,house
6480,house
6481,apartment
6482,dorm
6483,bicycle
6484,here
6485,walk
6486,color
6487,black
6488,white
6489,yellow
6490,green
6491,pink
6492,purple
6493,blue
6494,gray
6495,gray
6496,cooking
6497,shop
6498,home
6499,run
6500,run
6501,gym
6502,doctor
6503,meeting
6504,like
6505,ok
6506,ok
6507,fine
6508,not like
6509,sick
6510,sick
6511,sick
6512,sick
6513,sugar
6514,wake up
6515,help
6516,brother
6517,wood
6518,email
6519,build
6520,write
6521,water
6522,sign
6523,language
6524,name
6525,first
6526,last
6527,nice to meet you
6528,nice to meet you
6529,me
6530,my
6531,my
6532,my
6533,you
6534,your
6535,yes
6536,no
6537,please
6538,thank you
6539,sorry
6540,excuse me
6541,excuse me
6542,welcome
6543,deaf
6544,deaf
6545,hearing
6546,hard of hearing
6547,like
6548,which
6549,quiet
6550,who
6551,what
6552,when
6553,where
6554,how
6555,how
6556,why
6557,want
6558,need
6559,again
6560,slow
6561,know
6562,new
6563,new
6564,new
6565,cool
6566,interesting
6567,thanksgiving
6568,broke
6569,puerto rico
6570,tuesday
6571,furniture
6572,chicken
6573,freeway
6574,before
6575,son
6576,adopt
6577,adopt
6578,adopt
6579,mustache
6580,i
6581,jail
6582,bird
6583,chat
6584,father
6585,socks
6586,read
6587,what
6588,what
6589,both
6590,hair
6591,last
6592,meeting
6593,read
6594,bear
6595,table
6596,table
6597,table
6598,plate
6599,culture
6600,destroy
6601,grapes
6602,giraffe
6603,towel
6604,sign
6605,knife
6606,bread
6607,meat
6608,cheese
6609,pizza
6610,soup
6611,cracker
6612,spaghetti
6613,sandwich
6614,hamburger
6615,france fries
6616,hoddog
6617,egg
6618,bacon
6619,toast
6620,nuts
6621,popcorn
6622,salad
6623,chicken
6624,juice
6625,water
6626,coffee
6627,soda
6628,tea
6629,milk
6630,hungry
6631,hungry
6632,sweet
6633,delicious
6634,awful
6635,bad
6636,good
6637,not know
6638,before
6639,cuba
6640,librarian
6641,last month
6642,canada
6643,grass
6644,orange
6645,spain
6646,dirty
6647,which
6648,which
6649,which
6650,pregnant
6651,pregnant
6652,born
6653,autumn in love
6654,marry
6655,marry
6656,engaged
6657,separate
6658,divorce
6659,divorce
6660,together
6661,date
6662,date
6663,want
6664,not want
6665,interesting
6666,interesting
6667,die
6668,adopt
6669,day
6670,next week
6671,last month
6672,next year
6673,future
6674,past
6675,soon
6676,argue
6677,relationship
6678,meeting
6679,meeting
6680,christmas
6681,hanukkah
6682,thanksgiving
6683,easter
6684,vacation
6685,vacation
6686,graduate
6687,beautiful
6688,day
6689,day
6690,day
6691,small
6692,student
6693,furniture
6694,boots
6695,short hair
6696,walk
6697,walk
6698,walk
6699,who
6700,who
6701,who
6702,bank
6703,book
6704,milk
6705,australia
6706,baby
6707,baby
6708,baby
6709,grapes
6710,sister
6711,office
6712,before
6713,subway
6714,table
6715,he
6716,freeze cream
6717,eleven
6718,homework
6719,money
6720,pay
6721,buy
6722,store
6723,store
6724,cost
6725,free
6726,free
6727,free
6728,earn
6729,earn
6730,earn
6731,dollar
6732,dollar
6733,dollar
6734,cent
6735,cent
6736,eat
6737,hungry
6738,hungry
6739,full
6740,full
6741,water
6742,drink
6743,drink
6744,drink
6745,thirsty
6746,thirsty
6747,apple
6748,apple
6749,candy
6750,candy
6751,cookie
6752,cookie
6753,cheese
6754,cheese
6755,hamburger
6756,hamburger
6757,hamburger
6758,milk
6759,milk
6760,milk
6761,fruit
6762,fruit
6763,fruit
6764,vegetable
6765,woman
6766,how are you
6767,bathtub
6768,radio
6769,few
6770,forget
6771,meet
6772,know
6773,loan
6774,loan
6775,college
6776,army
6777,not
6778,english
6779,english
6780,math
6781,math
6782,algebra
6783,geometry
6784,calculus
6785,trigonometry
6786,math
6787,science
6788,science
6789,chemistry
6790,biology
6791,physics
6792,physics
6793,history
6794,history
6795,asl
6796,asl
6797,france
6798,france
6799,spanish
6800,spanish
6801,draw
6802,draw
6803,music
6804,photography
6805,theater
6806,cooking
6807,asia
6808,cow
6809,lost
6810,russia
6811,russia
6812,russia
6813,cake
6814,cake
6815,candy
6816,chocolate
6817,cookie
6818,dessert
6819,freeze cream
6820,pie
6821,stove
6822,wall
6823,wall
6824,restaurant
6825,pregnant
6826,fire
6827,fire
6828,shoes
6829,shoes
6830,thin
6831,yes
6832,tree
6833,bedroom
6834,work
6835,wow
6836,most
6837,question
6838,grapes
6839,grapes
6840,grapes
6841,hid
6842,find
6843,your
6844,gymnastics
6845,old
6846,take care
6847,email
6848,believe
6849,here
6850,business
6851,bad
6852,early
6853,hill
6854,welcome
6855,europe
6856,read
6857,read
6858,write
6859,write
6860,teach
6861,teach
6862,teach
6863,learn
6864,learn
6865,learn
6866,listen
6867,listen
6868,listen
6869,focus
6870,focus
6871,study
6872,study
6873,watch
6874,watch
6875,often
6876,minute
6877,minute
6878,minute
6879,hour
6880,hour
6881,hour
6882,hour
6883,week
6884,week
6885,month
6886,month
6887,year
6888,year
6889,some
6890,several
6891,several
6892,several
6893,many
6894,apple
6895,apple
6896,orange
6897,peach
6898,grapes
6899,grapes
6900,skirt
6901,pants
6902,shirt
6903,shoes
6904,tie
6905,belt
6906,glass
6907,glass
6908,plate
6909,plate
6910,bowl
6911,cup
6912,spoon
6913,spoon
6914,knife
6915,knife
6916,gone
6917,gone
6918,gone
6919,kitchen
6920,table
6921,newspaper
6922,newspaper
6923,letter
6924,candy
6925,hid
6926,hid
6927,think
6928,family
6929,man
6930,woman
6931,parents
6932,parents
6933,father
6934,mother
6935,brother
6936,sister
6937,sister
6938,aunt
6939,grandmother
6940,grandmother
6941,cousin
6942,husband
6943,wife
6944,boyfriend
6945,girlfriend
6946,child
6947,children
6948,son
6949,daughter
6950,nephew
6951,niece
6952,college
6953,better
6954,tired
6955,tired
6956,closet
6957,principal
6958,turkey
6959,finish
6960,finish
6961,engineer
6962,remember
6963,strict
6964,answer
6965,midnight
6966,night
6967,night
6968,europe
6969,husband
6970,exercise
6971,wash face
6972,eat
6973,bye
6974,but
6975,cook
6976,go to
6977,chat
6978,discuss
6979,graduate
6980,living room
6981,outside
6982,garage
6983,dining room
6984,bedroom
6985,kitchen
6986,kitchen
6987,kitchen
6988,basement
6989,finish
6990,every morning
6991,every afternoon
6992,every night
6993,sometimes
6994,everyday
6995,never
6996,when
6997,before
6998,noon
6999,midnight
7000,early
7001,early
7002,early
7003,since
7004,vacation
7005,alarm
7006,tend
7007,alone
7008,roommate
7009,about
7010,back
7011,less than
7012,what's up
7013,calendar
7014,appointment
7015,eyes
7016,egg
7017,christmas
7018,monday
7019,greece
7020,deaf
7021,friend
7022,friend
7023,hearing
7024,hearing
7025,introduce
7026,last
7027,last
7028,me
7029,meet
7030,meet
7031,meet
7032,my
7033,name
7034,nice
7035,want
7036,same
7037,ticket
7038,stove
7039,stove
7040,young
7041,army
7042,people
7043,church
7044,tape
7045,vomit
7046,holland
7047,how
7048,thirteen
7049,21
7050,21
7051,sixteen
7052,sixteen
7053,eleven
7054,eleven
7055,nineteen
7056,nineteen
7057,nineteen
7058,22
7059,25
7060,fourteen
7061,twenty
7062,twelve
7063,ten
7064,eighteen
7065,eighteen
7066,surprise
7067,where
7068,where
7069,green
7070,next year
7071,moon
7072,cry
7073,21
7074,france
7075,light
7076,girlfriend
7077,ask
7078,ocean
7079,ocean
7080,computer
7081,peach
7082,hello
7083,what's up
7084,how are you
7085,how are you
7086,busy
7087,busy
7088,confused
7089,confused
7090,fine
7091,happy
7092,nothing
7093,nothing
7094,sleepy
7095,so
7096,tired
7097,camping
7098,hill
7099,not know
7100,surprise
7101,false
7102,hockey
7103,monday
7104,silver
7105,airplane
7106,use
7107,how_many
7108,mirror
7109,know
7110,headache
7111,ball
7112,my
7113,my
7114,last
7115,day
7116,sore throat
7117,cough
7118,cough
7119,sneeze
7120,sneeze
7121,sneeze
7122,center
7123,butter
7124,eyes
7125,equal
7126,cheese
7127,cheese
7128,chocolate
7129,chocolate
7130,clothes
7131,coffee
7132,coffee
7133,corn
7134,corn
7135,fish
7136,fish
7137,fish
7138,fish
7139,eat
7140,fruit
7141,gold
7142,gold
7143,meat
7144,meat
7145,metal
7146,metal
7147,metal
7148,salt
7149,salt
7150,shoes
7151,vegetable
7152,wood
7153,wood
7154,key
7155,sit
7156,tall
7157,pencil
7158,name
7159,bad
7160,heart
7161,wine
7162,microwave
7163,go
7164,lettuce
7165,soon
7166,america
7167,me
7168,you
7169,here
7170,there
7171,here
7172,there
7173,yes
7174,yes
7175,yes
7176,no
7177,no
7178,name
7179,who
7180,what
7181,when
7182,why
7183,where
7184,how
7185,sign
7186,learn
7187,learn
7188,student
7189,teacher
7190,thank you
7191,deaf
7192,hearing
7193,live
7194,how are you
7195,nice to meet you
7196,nice to meet you
7197,meeting
7198,half
7199,woman
7200,wife
7201,father
7202,mother
7203,daughter
7204,child
7205,children
7206,sister
7207,sister
7208,sister
7209,sister
7210,sweet
7211,hat
7212,college
7213,loan
7214,lousy
7215,lousy
7216,not yet
7217,salt
7218,deaf
7219,deaf
7220,year
7221,china
7222,ball
7223,boy
7224,next year
7225,walk
7226,dog
7227,cuba
7228,all day
7229,sit
7230,sit
7231,wife
7232,soup
7233,grandfather
7234,duck
7235,duck
7236,tuesday
7237,tuesday
7238,tuesday
7239,understand
7240,write
7241,bus
7242,everyday
7243,not understand
7244,sign
7245,sign
7246,smart
7247,fence
7248,hat
7249,hat
7250,surprise
7251,nice
7252,man
7253,woman
7254,deaf
7255,hearing
7256,boy
7257,girl
7258,teach
7259,learn
7260,same
7261,stand
7262,class
7263,teacher
7264,student
7265,sign language
7266,france
7267,school
7268,college
7269,university
7270,high school
7271,not
7272,oh i see
7273,oh i see
7274,no
7275,where
7276,who
7277,ten
7278,eleven
7279,twelve
7280,thirteen
7281,fourteen
7282,fifteen
7283,sixteen
7284,eighteen
7285,twenty
7286,21
7287,22
7288,23
7289,24
7290,25
7291,26
7292,27
7293,28
7294,29
7295,30
7296,airplane
7297,fly
7298,last
7299,happy
7300,afraid
7301,color
7302,green
7303,blue
7304,black
7305,white
7306,white
7307,white
7308,orange
7309,orange
7310,red
7311,purple
7312,pink
7313,brown
7314,yellow
7315,rainbow
7316,rainbow
7317,clothes
7318,shirt
7319,tie
7320,jacket
7321,underwear
7322,shoes
7323,nice
7324,dirty
7325,dirty
7326,dirty
7327,girl
7328,coffee
7329,doctor
7330,doctor
7331,chef
7332,librarian
7333,police
7334,firefighter
7335,nurse
7336,dentist
7337,dentist
7338,waiter
7339,vice president
7340,counselor
7341,student
7342,secretary
7343,secretary
7344,manager
7345,actor
7346,cashier
7347,bank
7348,store
7349,grocery store
7350,restaurant
7351,school
7352,work
7353,office
7354,hospital
7355,church
7356,building
7357,building
7358,house
7359,apartment
7360,gym
7361,loan
7362,loan
7363,steal
7364,steal
7365,steal
7366,break
7367,break
7368,complain
7369,complain
7370,fight
7371,fight
7372,nosy
7373,nosy
7374,nosy
7375,mischievous
7376,mischievous
7377,everyday
7378,everyday
7379,everyday
7380,every morning
7381,every afternoon
7382,every night
7383,lake
7384,history
7385,turkey
7386,30
7387,30
7388,hurt
7389,iran
7390,green
7391,dessert
7392,dessert
7393,cookie
7394,cookie
7395,cake
7396,freeze cream
7397,pie
7398,sweet
7399,chocolate
7400,delicious
7401,delicious
7402,delicious
7403,delicious
7404,delicious
7405,dessert
7406,different
7407,salad
7408,name
7409,name
7410,wife
7411,back
7412,more
7413,butter
7414,denmark
7415,bread
7416,bread
7417,soap
7418,face
7419,laundry
7420,celebrate
7421,plate
7422,bright
7423,tiger
7424,yesterday
7425,brush teeth
7426,bathroom
7427,pants
7428,pants
7429,pants
7430,hat
7431,full
7432,full
7433,come
7434,come
7435,mad
7436,restaurant
7437,that one
7438,glasses
7439,come
7440,yellow
7441,scarf
7442,last year
7443,halloween
7444,clothes
7445,flat tire
7446,research
7447,grass
7448,grass
7449,grass
7450,shirt
7451,yes
7452,cup
7453,algebra
7454,thursday
7455,television
7456,television
7457,west
7458,bed
7459,sign
7460,english
7461,important
7462,sunday
7463,sunday
7464,sunday
7465,purple
7466,hearing
7467,hurry
7468,chef
7469,understand
7470,nothing
7471,university
7472,arrive
7473,awkward
7474,church
7475,church
7476,spring
7477,america
7478,cabinets
7479,tomorrow
7480,walk
7481,two
7482,five
7483,six
7484,seven
7485,seven
7486,eight
7487,nine
7488,ten
7489,smart
7490,smart
7491,shock
7492,paper
7493,if
7494,money
7495,hair
7496,what's up
7497,in law
7498,cold
7499,yes
7500,write
7501,write
7502,write
7503,europe
7504,strange
7505,scotland
7506,old
7507,pay
7508,27
7509,germany
7510,winter
7511,spring
7512,summer
7513,autumn
7514,volleyball
7515,camping
7516,match
7517,hamburger
7518,hoddog
7519,france fries
7520,sandwich
7521,bug
7522,join
7523,group
7524,team
7525,early
7526,dark
7527,light
7528,fire
7529,chat
7530,fun
7531,run
7532,tree
7533,complain
7534,short
7535,paint
7536,frustrated
7537,visit
7538,month
7539,orange
7540,light
7541,light
7542,today
7543,headache
7544,no
7545,start
7546,hong kong
7547,animal
7548,bat
7549,bat
7550,bear
7551,bear
7552,bear
7553,butterfly
7554,cat
7555,cat
7556,cat
7557,cat
7558,chicken
7559,cow
7560,cow
7561,cow
7562,cow
7563,deer
7564,dog
7565,dog
7566,dolphin
7567,dolphin
7568,duck
7569,elephant
7570,elephant
7571,fish
7572,fish
7573,frog
7574,frog
7575,frog
7576,giraffe
7577,goat
7578,goat
7579,hippo
7580,hippo
7581,hippo
7582,horse
7583,horse
7584,computer
7585,computer
7586,student
7587,student
7588,friend
7589,friend
7590,teacher
7591,teacher
7592,principal
7593,principal
7594,librarian
7595,librarian
7596,counselor
7597,counselor
7598,nurse
7599,nurse
7600,funny
7601,horse
7602,every morning
7603,pants
7604,not know
7605,know
7606,deaf
7607,hearing
7608,hard of hearing
7609,teacher
7610,teacher
7611,student
7612,not
7613,have
7614,school
7615,elementary school
7616,center school
7617,center school
7618,high school
7619,college
7620,english
7621,spanish
7622,france
7623,famous
7624,arrogant
7625,arrogant
7626,cost
7627,shock
7628,depressed
7629,garage
7630,egg
7631,beach
7632,africa
7633,africa
7634,asia
7635,australia
7636,europe
7637,argentina
7638,austria
7639,canada
7640,china
7641,denmark
7642,egypt
7643,egypt
7644,english
7645,finland
7646,france
7647,germany
7648,greece
7649,holland
7650,hong kong
7651,india
7652,iran
7653,ireland
7654,ireland
7655,israel
7656,italy
7657,italy
7658,japan
7659,korea
7660,mexico
7661,norway
7662,philippines
7663,poland
7664,puerto rico
7665,russia
7666,russia
7667,scotland
7668,south africa
7669,south africa
7670,spain
7671,sweden
7672,switzerland
7673,taiwan
7674,vietnam
7675,vietnam
7676,live
7677,quiet
7678,quiet
7679,quiet
7680,quiet
7681,quiet
7682,better
7683,hearing
7684,hearing
7685,dry
7686,eat
7687,transfer
7688,brave
7689,family
7690,family
7691,father
7692,parents
7693,parents
7694,son
7695,son
7696,daughter
7697,daughter
7698,daughter
7699,brother
7700,sister
7701,uncle
7702,aunt
7703,cousin
7704,cousin
7705,cousin
7706,cousin
7707,nephew
7708,niece
7709,niece
7710,tired
7711,eat
7712,eat
7713,drink
7714,drink
7715,cup
7716,please
7717,please
7718,plate
7719,plate
7720,hungry
7721,hungry
7722,finish
7723,want
7724,want
7725,table
7726,table
7727,bowl
7728,bowl
7729,bowl
7730,bowl
7731,sit
7732,full
7733,full
7734,more
7735,more
7736,milk
7737,milk
7738,juice
7739,spoon
7740,spoon
7741,cracker
7742,thank you
7743,thank you
7744,water
7745,water
7746,research
7747,meaning
7748,heart
7749,cousin
7750,hair
7751,hair
7752,pink
7753,car
7754,car
7755,car
7756,car
7757,train
7758,train
7759,train
7760,train
7761,train
7762,bicycle
7763,bicycle
7764,bicycle
7765,bicycle
7766,airplane
7767,airplane
7768,bus
7769,i
7770,popcorn
7771,eat
7772,canada
7773,school
7774,frustrated
7775,frustrated
